-- phpMyAdmin SQL Dump
-- version 4.6.5.2
-- https://www.phpmyadmin.net/
--
-- Хост: 127.0.0.1:3306
-- Время создания: Окт 19 2019 г., 20:14
-- Версия сервера: 5.5.53-log
-- Версия PHP: 5.6.29

SET SQL_MODE = "NO_AUTO_VALUE_ON_ZERO";
SET time_zone = "+00:00";


/*!40101 SET @OLD_CHARACTER_SET_CLIENT=@@CHARACTER_SET_CLIENT */;
/*!40101 SET @OLD_CHARACTER_SET_RESULTS=@@CHARACTER_SET_RESULTS */;
/*!40101 SET @OLD_COLLATION_CONNECTION=@@COLLATION_CONNECTION */;
/*!40101 SET NAMES utf8mb4 */;

--
-- База данных: `quotes`
--

-- --------------------------------------------------------

--
-- Структура таблицы `authors`
--

CREATE TABLE `authors` (
  `id` int(10) UNSIGNED NOT NULL,
  `created_at` timestamp NULL DEFAULT NULL,
  `updated_at` timestamp NULL DEFAULT NULL,
  `deleted_at` timestamp NULL DEFAULT NULL,
  `first_name` varchar(255) COLLATE utf8mb4_unicode_ci NOT NULL,
  `last_name` varchar(255) COLLATE utf8mb4_unicode_ci NOT NULL,
  `middle_name` varchar(255) COLLATE utf8mb4_unicode_ci NOT NULL,
  `date_birth` varchar(255) COLLATE utf8mb4_unicode_ci NOT NULL
) ENGINE=InnoDB DEFAULT CHARSET=utf8mb4 COLLATE=utf8mb4_unicode_ci;

--
-- Дамп данных таблицы `authors`
--

INSERT INTO `authors` (`id`, `created_at`, `updated_at`, `deleted_at`, `first_name`, `last_name`, `middle_name`, `date_birth`) VALUES
(1, '2019-09-21 13:30:52', '2019-09-21 13:30:52', NULL, 'Бредли', 'Томсон', '', ''),
(2, '2019-09-21 13:30:52', '2019-09-21 13:30:52', NULL, 'Федор', 'Достоевский', '', ''),
(3, '2019-09-21 13:30:52', '2019-09-21 13:30:52', NULL, 'Сергей', 'Савельев', 'Вячеславович', ''),
(4, '2019-09-21 13:30:52', '2019-09-21 13:30:52', NULL, 'Наполеон', 'Хилл', '', ''),
(5, '2019-09-21 13:30:52', '2019-09-21 13:30:52', NULL, 'Андрей', 'Курпатов', '', '148157008'),
(6, '2019-09-21 13:30:52', '2019-09-21 13:30:52', NULL, 'Френк', '', '', ''),
(7, '2019-09-21 13:30:52', '2019-09-21 13:30:52', NULL, 'Густав', 'Лебон', '', ''),
(8, '2019-09-21 13:30:52', '2019-09-21 13:30:52', NULL, 'Александр', 'Сазерленд', '', ''),
(9, '2019-09-21 13:30:52', '2019-09-21 13:30:52', NULL, 'Роберт', 'Кийосаки', '', ''),
(10, '2019-09-21 13:30:52', '2019-09-21 13:30:52', NULL, 'David', 'X', '', ''),
(11, '2019-09-21 13:30:52', '2019-09-21 13:30:52', NULL, 'Михай', 'Чиксентмихайи', '', ''),
(12, '2019-09-21 13:30:52', '2019-09-21 13:30:52', NULL, 'Ден', 'Милммен', '', ''),
(13, '2019-09-21 13:30:52', '2019-09-21 13:30:52', NULL, 'Ден', 'Вальшмидт', '', ''),
(14, '2019-09-21 13:30:52', '2019-09-21 13:30:52', NULL, 'Барбара', 'Анджелис', '', ''),
(15, '2019-09-21 13:30:53', '2019-09-21 13:30:53', NULL, 'Виталий', 'Гиберт', '', ''),
(16, '2019-09-21 13:30:53', '2019-09-21 13:30:53', NULL, 'Михаил', 'Бородянский', '', ''),
(17, '2019-09-21 13:30:53', '2019-09-21 13:30:53', NULL, 'Алекс', 'Байхоу', '', ''),
(18, '2019-09-21 13:30:53', '2019-09-21 13:30:53', NULL, 'Тони', 'Базан', '', ''),
(19, '2019-09-21 13:30:53', '2019-09-21 13:30:53', NULL, 'Джордж', 'Клейсон', '', ''),
(20, '2019-09-21 13:30:53', '2019-09-21 13:30:53', NULL, 'Барбара', 'Пиз', '', ''),
(21, '2019-09-21 13:30:53', '2019-09-21 16:22:39', NULL, 'Чарльз', 'Энел', '', ''),
(22, '2019-09-21 13:30:53', '2019-09-21 13:30:53', NULL, 'Сан', 'Лайт', '', ''),
(23, '2019-09-21 13:30:53', '2019-09-21 13:30:53', NULL, 'Люси', 'Палладино', '', ''),
(24, '2019-09-21 13:30:53', '2019-09-21 13:30:53', NULL, 'Лобсанг', 'Рампа', '', ''),
(25, '2019-09-21 13:30:53', '2019-09-21 13:30:53', NULL, 'Герберт', 'Спенсер', '', ''),
(26, '2019-09-21 13:30:53', '2019-09-21 13:30:53', NULL, 'Людмила', 'Петрановская', '', ''),
(27, '2019-09-21 13:30:53', '2019-09-21 13:30:53', NULL, '', 'Аристотель', '', ''),
(28, '2019-09-21 13:30:53', '2019-09-21 13:30:53', NULL, 'Я', 'Пономарев', '', ''),
(29, '2019-09-21 13:30:53', '2019-09-21 13:30:53', NULL, 'Карл', 'Оноре', '', ''),
(30, '2019-09-21 13:30:53', '2019-09-21 13:30:53', NULL, 'Мартин', 'Лейни', '', ''),
(31, '2019-09-21 13:30:53', '2019-09-21 13:30:53', NULL, 'Наталья', 'Ослевская', '', ''),
(32, '2019-09-21 13:30:53', '2019-09-21 13:30:53', NULL, 'Александр', 'Шёлнбург', '', ''),
(33, '2019-09-21 13:30:53', '2019-09-21 13:30:53', NULL, 'Крис', 'Фрит', '', ''),
(34, '2019-09-21 13:30:53', '2019-09-21 13:30:53', NULL, 'Джордж', 'Крескин', '', ''),
(35, '2019-09-21 13:30:53', '2019-09-21 13:30:53', NULL, 'Сьюзен', 'Джефферс', '', ''),
(36, '2019-09-21 13:30:53', '2019-09-21 13:30:53', NULL, 'Лес', 'Хьюит', '', ''),
(37, '2019-09-21 13:30:53', '2019-09-21 13:30:53', NULL, 'Рассел', 'Ре', 'Меннинг', ''),
(38, '2019-09-21 13:30:53', '2019-09-21 13:30:53', NULL, 'Джон', 'Максвел', '', ''),
(39, '2019-09-21 13:30:53', '2019-09-21 13:30:53', NULL, 'Роберт', 'Грин', '', ''),
(40, '2019-09-21 13:30:53', '2019-09-21 13:30:53', NULL, 'Джим', 'Рон', '', ''),
(41, '2019-09-21 13:30:53', '2019-09-21 13:30:53', NULL, 'Михаил', 'Абрамович', '', ''),
(42, '2019-09-21 13:30:53', '2019-09-21 13:30:53', NULL, 'Малкольм.', 'Гладуэлл', '', ''),
(43, '2019-09-21 13:30:53', '2019-09-21 13:30:53', NULL, 'Зиг', 'Зиглар', '', ''),
(44, '2019-09-21 13:30:53', '2019-09-21 13:30:53', NULL, 'Билл.', 'Гейтс', '', ''),
(45, '2019-09-21 13:30:53', '2019-09-21 13:30:53', NULL, 'Брайан', 'Трейси', '', ''),
(46, '2019-09-21 13:30:53', '2019-09-21 13:30:53', NULL, 'Сунь', 'Цзы', '', ''),
(47, '2019-09-21 13:30:53', '2019-09-21 13:30:53', NULL, 'Хенрик', 'Фексеус', '', ''),
(48, '2019-09-21 13:30:53', '2019-09-21 13:30:53', NULL, 'Алан', 'Лакейн', '', ''),
(49, '2019-09-21 13:30:53', '2019-09-21 13:30:53', NULL, 'Ричард', 'Бренсон', '', ''),
(50, '2019-09-21 13:30:53', '2019-09-21 13:30:53', NULL, 'Джеффри', 'Фокс', '', ''),
(51, '2019-09-21 13:30:53', '2019-09-21 13:30:53', NULL, 'Дейл', 'Карнеги', '', ''),
(52, '2019-09-21 13:30:53', '2019-09-21 13:30:53', NULL, 'Джонсон', 'Спенсер', '', ''),
(53, '2019-09-21 13:30:53', '2019-09-21 13:30:53', NULL, 'Робин', 'Шарма', '', ''),
(54, '2019-09-21 13:30:53', '2019-09-21 13:30:53', NULL, 'Джон', 'Кехо', '', ''),
(55, '2019-09-21 13:30:53', '2019-09-21 13:30:53', NULL, 'Стивен', 'Кови', '', ''),
(56, '2019-09-21 13:30:53', '2019-09-21 13:30:53', NULL, 'Аллан', 'Пиз', '', ''),
(57, '2019-09-21 13:30:53', '2019-09-21 13:30:53', NULL, 'Мирзакарим', 'Норбеков', '', ''),
(58, '2019-09-21 13:30:53', '2019-09-21 13:30:53', NULL, 'Марк', 'Леви', '', ''),
(59, '2019-09-21 13:30:53', '2019-09-21 13:30:53', NULL, 'Уильям', 'Эндгаль', '', ''),
(60, '2019-09-21 13:30:53', '2019-09-21 13:30:53', NULL, 'Юрий', 'Мороз', '', ''),
(61, '2019-09-21 13:30:53', '2019-09-21 13:30:53', NULL, 'Майя', 'Гогулан', '', ''),
(62, '2019-09-21 13:30:53', '2019-09-21 13:30:53', NULL, 'Владимир', 'Лободин', '', ''),
(63, '2019-09-21 13:30:53', '2019-09-21 13:30:53', NULL, 'Юрий', 'Николаев', '', ''),
(64, '2019-09-21 13:30:53', '2019-09-21 13:30:53', NULL, 'Николай', 'Пейчев', '', ''),
(65, '2019-09-21 13:30:53', '2019-09-21 13:30:53', NULL, '', 'Фоменко Носовский', '', ''),
(66, '2019-09-21 13:30:53', '2019-09-21 13:30:53', NULL, 'Андрей', 'Скляров', '', ''),
(67, '2019-09-21 13:30:53', '2019-09-21 13:30:53', NULL, 'Дмитрий', 'Куприянов', '', ''),
(68, '2019-09-21 13:30:53', '2019-09-21 16:06:56', NULL, 'Галина', 'Черная', '', ''),
(69, '2019-09-21 13:30:53', '2019-09-21 13:30:53', NULL, 'Михаил', 'Литвак', '', ''),
(70, '2019-09-21 13:30:53', '2019-09-21 13:30:53', NULL, 'В', 'Толкачёв', '', ''),
(71, '2019-09-21 13:30:53', '2019-09-21 13:30:53', NULL, 'Леон', 'Фестингер', '', ''),
(72, '2019-09-21 13:30:53', '2019-09-21 13:30:53', NULL, 'Конрад', 'Лоренц', '', ''),
(73, '2019-09-21 13:30:53', '2019-09-21 13:30:53', NULL, 'Людвиг', 'Виттенгштейнг', '', ''),
(74, '2019-09-21 13:30:53', '2019-09-21 13:30:53', NULL, 'Зигмунд', 'Фрейд', '', ''),
(75, '2019-09-21 13:30:53', '2019-09-21 13:30:53', NULL, 'Хироми', 'Шинья', '', ''),
(76, '2019-09-21 13:30:53', '2019-09-21 13:30:53', NULL, 'Вестон', 'Прайс', '', ''),
(77, '2019-09-21 13:30:53', '2019-09-21 13:30:53', NULL, 'Колин', 'Кэмбель', '', ''),
(78, '2019-09-21 13:30:53', '2019-09-21 13:30:53', NULL, 'Кейт', 'Фокс', '', ''),
(79, '2019-09-21 13:30:53', '2019-09-21 13:30:53', NULL, 'Ольга', 'Четверикова', '', ''),
(80, '2019-09-21 13:30:53', '2019-09-21 13:30:53', NULL, 'Владимир', 'Серкин', '', ''),
(81, '2019-09-21 13:30:53', '2019-09-21 13:30:53', NULL, 'Елена', 'Ларина', '', ''),
(82, '2019-09-21 13:30:53', '2019-09-21 13:30:53', NULL, 'Даниэль', 'Эстулин', '', ''),
(83, '2019-09-21 13:30:53', '2019-09-21 13:30:53', NULL, 'Юрий', 'Емельянов', '', ''),
(84, '2019-09-21 13:30:53', '2019-09-21 13:30:53', NULL, 'Елена', 'Пономарева', '', ''),
(85, '2019-09-21 13:30:53', '2019-09-21 13:30:53', NULL, 'Дмитрий', 'Перетолчин', '', ''),
(86, '2019-09-21 13:30:53', '2019-09-21 13:30:53', NULL, 'Михаил', 'Хазин', 'Леонидович', ''),
(87, '2019-09-24 15:24:50', '2019-09-26 15:29:13', '2019-09-26 15:29:13', 'Vladimir', 'Priymak', 'Nik', '1970'),
(88, '2019-09-24 15:31:47', '2019-10-05 13:09:36', '2019-10-05 13:09:36', 'Vladimir', 'Priymak', 'Nik2', '1972'),
(89, '2019-09-24 15:53:06', '2019-09-24 15:53:06', NULL, 'Vladimir', 'Priymak', 'Nik', '1970'),
(90, '2019-09-24 15:57:14', '2019-09-24 15:57:14', NULL, 'Vladimir', 'Priymak', 'Nik', '1970'),
(91, '2019-09-24 16:00:51', '2019-09-24 16:00:51', NULL, 'Vladimir', 'Priymak', 'Nik', '1970'),
(92, '2019-09-25 17:18:44', '2019-09-25 17:23:19', '2019-09-25 17:23:19', 'Test', 'dd', 'fffffff', '111');

-- --------------------------------------------------------

--
-- Структура таблицы `books`
--

CREATE TABLE `books` (
  `id` int(10) UNSIGNED NOT NULL,
  `created_at` timestamp NULL DEFAULT NULL,
  `updated_at` timestamp NULL DEFAULT NULL,
  `deleted_at` timestamp NULL DEFAULT NULL,
  `title` varchar(255) COLLATE utf8mb4_unicode_ci NOT NULL,
  `description` text COLLATE utf8mb4_unicode_ci,
  `author_id` int(11) DEFAULT NULL,
  `filename` varchar(255) COLLATE utf8mb4_unicode_ci DEFAULT NULL,
  `rating` int(10) UNSIGNED NOT NULL,
  `status` int(11) NOT NULL DEFAULT '1'
) ENGINE=InnoDB DEFAULT CHARSET=utf8mb4 COLLATE=utf8mb4_unicode_ci ROW_FORMAT=COMPACT;

--
-- Дамп данных таблицы `books`
--

INSERT INTO `books` (`id`, `created_at`, `updated_at`, `deleted_at`, `title`, `description`, `author_id`, `filename`, `rating`, `status`) VALUES
(1, '2019-09-21 13:24:56', '2019-09-21 13:24:56', NULL, 'Церебральный сортинг', '', 3, '', 1, 1),
(2, '2019-09-21 13:24:56', '2019-09-21 13:24:56', NULL, 'Изменчивость и гениальность', '', 3, '', 1, 1),
(3, '2019-09-21 13:24:56', '2019-09-21 13:24:56', NULL, 'Нищета мозга', '', 3, '', 1, 1),
(4, '2019-09-21 13:24:56', '2019-09-21 13:24:56', NULL, 'Происхождение мозга', '', 3, '', 1, 1),
(5, '2019-09-21 13:24:56', '2019-10-06 09:15:13', NULL, 'Думай и богатей', '11', 4, 'baf015cf9ed39430566349527251e1ca.zip', 9, 3),
(6, '2019-09-21 13:24:56', '2019-09-22 14:00:43', NULL, 'Красная таблетка', '', 5, '', 9, 2),
(7, '2019-09-21 13:24:56', '2019-09-22 14:00:43', NULL, 'Вчера неудачник - сегодня преуспевающий коммерсант', '', 6, '', 8, 3),
(8, '2019-09-21 13:24:56', '2019-09-22 14:00:43', NULL, 'Психология народов и масс', '', 7, '', 8, 3),
(9, '2019-09-21 13:24:56', '2019-09-22 14:00:43', NULL, 'Воспитание свободой', '', 8, '', 8, 3),
(10, '2019-09-21 13:24:56', '2019-09-22 14:00:43', NULL, 'Богатый папа, бедный папа', '', 9, '', 8, 4),
(11, '2019-09-21 13:24:56', '2019-09-22 14:00:43', NULL, 'Будь жесток', '', 10, '', 8, 3),
(12, '2019-09-21 13:24:56', '2019-09-22 14:00:43', NULL, 'Эволюция личности', '', 11, '', 6, 2),
(13, '2019-09-21 13:24:56', '2019-09-22 14:00:43', NULL, 'В поисках потока. Психология включенности в повседневность', '', 11, '', 5, 2),
(14, '2019-09-21 13:24:56', '2019-09-22 14:00:43', NULL, 'Путь миролюбивого война', '', 12, '503058068f19cab00c70506685ffa4b2.zip', 5, 3),
(15, '2019-09-21 13:24:56', '2019-09-22 14:00:43', NULL, 'Мистическое путешествие мирного война', '', 12, '', 1, 2),
(16, '2019-09-21 13:24:56', '2019-09-22 14:00:43', NULL, 'Будь лучшей версией себя', '', 13, '', 5, 3),
(17, '2019-09-21 13:24:56', '2019-09-22 14:00:43', NULL, 'Секреты о женщинах которые должен знать каждый мужчина', '', 14, '', 5, 2),
(18, '2019-09-21 13:24:56', '2019-09-22 14:00:43', NULL, 'Моделирование будущего', '', 15, '', 5, 2),
(19, '2019-09-21 13:24:56', '2019-09-22 14:00:44', NULL, 'Чертоги разума. Убей в себе идиота', '', 5, '', 5, 2),
(20, '2019-09-21 13:24:56', '2019-09-22 14:00:44', NULL, 'Психология ваших отверствий', '', 16, '', 5, 2),
(21, '2019-09-21 13:24:56', '2019-09-22 14:00:44', NULL, 'Привычка быть счастливым', '', 17, '', 5, 2),
(22, '2019-09-21 13:24:56', '2019-09-22 14:00:44', NULL, 'Скоростная память', '', 18, '', 4, 2),
(23, '2019-09-21 13:24:56', '2019-09-22 14:00:44', NULL, 'Самый богатый человек в Вавилоне', '', 19, '', 4, 2),
(24, '2019-09-21 13:24:56', '2019-09-22 14:00:44', NULL, 'Язык жестов в любви', '', 20, '', 4, 2),
(25, '2019-09-21 13:24:56', '2019-09-22 14:00:44', NULL, 'Мастер ключ к исполнению желаний', '', 21, '', 4, 2),
(26, '2019-09-21 13:24:56', '2019-09-22 14:00:44', NULL, 'Вирусы сознания. Принципы и методы исцеления души и тела', '', 22, '', 4, 2),
(27, '2019-09-21 13:24:56', '2019-09-22 14:00:44', NULL, '\"Максимальная концентрация. Эфективность в эпоху  клипового мышления\"', 'фрагмент', 23, '', 3, 2),
(28, '2019-09-21 13:24:56', '2019-09-22 14:00:44', NULL, 'Пространство мышления', '', 5, '', 2, 2),
(29, '2019-09-21 13:24:56', '2019-09-21 13:24:56', NULL, 'Огонь свечи', '', 24, '', 2, 1),
(30, '2019-09-21 13:24:56', '2019-09-21 13:24:56', NULL, 'Синтетическая философия', '', 25, '', 1, 1),
(31, '2019-09-21 13:24:56', '2019-09-21 13:24:56', NULL, 'Что делать если...2', '', 26, '', 1, 1),
(32, '2019-09-21 13:24:56', '2019-09-21 13:24:56', NULL, 'Риторика', '', 27, '', 1, 1),
(33, '2019-09-21 13:24:56', '2019-09-21 13:24:56', NULL, 'Как создать интелектуальную организацию', '', 18, '', 1, 1),
(34, '2019-09-21 13:24:56', '2019-09-21 13:24:56', NULL, 'Знание, мышление и умственное развитие', '', 28, '', 1, 1),
(35, '2019-09-21 13:24:56', '2019-09-21 13:24:56', NULL, 'Без суеты', '', 29, '', 1, 1),
(36, '2019-09-21 13:24:56', '2019-09-22 14:00:44', NULL, 'Непобедимый интроверт', '', 30, '', 1, 2),
(37, '2019-09-21 13:24:56', '2019-09-21 13:24:56', NULL, 'Нумерология', '', 31, '', 4, 1),
(38, '2019-09-21 13:24:56', '2019-09-21 13:24:56', NULL, 'Искуство стильной бедности', '', 32, '', 1, 1),
(39, '2019-09-21 13:24:56', '2019-09-21 13:24:56', NULL, 'Мозг и душа', '', 33, '', 1, 1),
(40, '2019-09-21 13:24:56', '2019-09-22 14:00:44', NULL, 'Менталист', '', 34, '', 1, 2),
(41, '2019-09-21 13:24:56', '2019-09-22 14:00:44', NULL, 'Бойся но действуй', '', 35, '', 5, 2),
(42, '2019-09-21 13:24:56', '2019-09-21 13:24:56', NULL, 'Бесцельная жизнь', '', 36, '', 5, 1),
(43, '2019-09-21 13:24:56', '2019-09-22 14:00:44', NULL, 'Библия за 30 секунд', '', 37, '', 1, 2),
(44, '2019-09-21 13:24:56', '2019-09-21 13:24:56', NULL, '21 неопровержимый закон лидерства', '', 38, '', 5, 1),
(45, '2019-09-21 13:24:56', '2019-09-21 13:24:56', NULL, '33 стратегии войны', '', 39, '', 1, 1),
(46, '2019-09-21 13:24:56', '2019-09-21 13:24:56', NULL, '48 законов власти и обольщения', '', 39, '', 1, 1),
(47, '2019-09-21 13:24:56', '2019-09-21 13:24:56', NULL, '7 стратегий для достижения богатства и счастья. ', '', 40, '', 1, 1),
(48, '2019-09-21 13:24:56', '2019-09-21 13:24:56', NULL, 'Бизнес по-еврейски. 67 золотых правил', '', 41, '', 1, 1),
(49, '2019-09-21 13:24:56', '2019-09-21 13:24:56', NULL, ' Гении и аутсайдеры.', '', 42, '', 1, 1),
(50, '2019-09-21 13:24:56', '2019-09-21 13:24:56', NULL, 'До встречи на вершине', '', 43, '', 1, 1),
(51, '2019-09-21 13:24:56', '2019-09-21 13:24:56', NULL, 'Дорога в будущее.', '', 44, '', 1, 1),
(52, '2019-09-21 13:24:57', '2019-09-21 13:24:57', NULL, 'Достижение максимума', '', 45, '', 1, 1),
(53, '2019-09-21 13:24:57', '2019-09-21 13:24:57', NULL, 'Искусство войны', '', 46, '', 1, 1),
(54, '2019-09-21 13:24:57', '2019-09-21 13:24:57', NULL, 'Искусство манипуляции. Как не дать себя обмануть', '', 47, '', 1, 1),
(55, '2019-09-21 13:24:57', '2019-09-22 14:00:44', NULL, 'Искусство успевать', '', 48, '', 1, 2),
(56, '2019-09-21 13:24:57', '2019-09-21 13:24:57', NULL, 'К черту всё! Берись и делай!.', '', 49, '', 5, 1),
(57, '2019-09-21 13:24:57', '2019-09-22 14:00:44', NULL, 'Как делать большие деньги в малом бизнесе.', '', 50, '', 1, 3),
(58, '2019-09-21 13:24:57', '2019-09-22 14:00:44', NULL, 'Как приобретать друзей и оказывать влияние на людей.', '', 51, '', 7, 3),
(59, '2019-09-21 13:24:57', '2019-09-21 13:24:57', NULL, 'Кто забрал мой сыр?.', '', 52, '', 4, 1),
(60, '2019-09-21 13:24:57', '2019-09-21 13:24:57', NULL, 'Монах, который продал свой «феррари».', '', 53, '', 1, 1),
(61, '2019-09-21 13:24:57', '2019-09-22 14:00:44', NULL, 'Подсознание может все', '', 54, '', 1, 3),
(62, '2019-09-21 13:24:57', '2019-09-22 14:00:44', NULL, 'Семь навыков высокоэффективных людей.', '', 55, '', 6, 2),
(63, '2019-09-21 13:24:57', '2019-09-22 14:00:44', NULL, 'Язык телодвижений. Как читать мысли окружающих по их жестам.', '', 56, '', 4, 3),
(64, '2019-09-21 13:24:57', '2019-09-21 13:24:57', NULL, 'Опыт дурака или ключ к прозрению', '', 57, '', 6, 1),
(65, '2019-09-21 13:24:57', '2019-09-21 13:24:57', NULL, 'Суперпамять', '', 18, '', 1, 1),
(66, '2019-09-21 13:24:57', '2019-09-21 13:24:57', NULL, 'Могущество духовнокго интелекта', '', 18, '', 1, 1),
(67, '2019-09-21 13:24:57', '2019-09-21 13:24:57', NULL, '10 способов стать убедительным', '', 18, '', 1, 1),
(68, '2019-09-21 13:24:57', '2019-09-21 13:24:57', NULL, 'Научите себя думать', '', 18, '', 1, 1),
(69, '2019-09-21 13:24:57', '2019-09-21 13:24:57', NULL, 'Супермышление', '', 18, '', 1, 1),
(70, '2019-09-21 13:24:57', '2019-09-21 13:24:57', NULL, 'Как безопасно запомнить 10 тыс. наименований', '', 18, '', 1, 1),
(71, '2019-09-21 13:24:57', '2019-09-21 13:24:57', NULL, 'Думайте эффективно', '', 18, '', 1, 1),
(72, '2019-09-21 13:24:57', '2019-09-21 13:24:57', NULL, '10 способов стать гением', '', 18, '', 1, 1),
(73, '2019-09-21 13:24:57', '2019-09-21 13:24:57', NULL, 'Гениальность на заказ', '', 58, '', 1, 1),
(74, '2019-09-21 13:24:57', '2019-09-21 13:24:57', NULL, 'Боги денег', '', 59, '', 1, 1),
(75, '2019-09-21 13:24:57', '2019-09-21 13:24:57', NULL, 'О чем молчит богатый папа. Анти-МЛН', '', 60, '', 1, 1),
(76, '2019-09-21 13:24:57', '2019-09-21 13:24:57', NULL, 'Можно не болеть', '', 61, '', 1, 1),
(77, '2019-09-21 13:24:57', '2019-09-21 13:24:57', NULL, 'Как быть здровым', '', 61, '', 1, 1),
(78, '2019-09-21 13:24:57', '2019-09-21 13:24:57', NULL, 'Попрощайтесь с болезнями', '', 61, '', 1, 1),
(79, '2019-09-21 13:24:57', '2019-09-21 13:24:57', NULL, 'Законы здоровья', '', 61, '', 1, 1),
(80, '2019-09-21 13:24:57', '2019-09-21 13:24:57', NULL, 'Формулы здоровья', '', 62, '', 1, 1),
(81, '2019-09-21 13:24:57', '2019-09-21 13:24:57', NULL, 'Правила полноценного питания', '', 61, '', 1, 1),
(82, '2019-09-21 13:24:57', '2019-09-21 13:24:57', NULL, 'Голодание ради здоровья', '', 63, '', 1, 1),
(83, '2019-09-21 13:24:57', '2019-09-21 13:24:57', NULL, 'Полное востановление здоровья', '', 64, '', 1, 1),
(84, '2019-09-21 13:24:57', '2019-09-21 13:24:57', NULL, 'Новая хронология', '', 65, '', 1, 1),
(85, '2019-09-21 13:24:57', '2019-09-21 13:24:57', NULL, 'Обитаемый остров земля', '', 66, '', 1, 1),
(86, '2019-09-21 13:24:57', '2019-09-21 13:24:57', NULL, 'Путешествие Сократа', '', 12, '', 1, 1),
(87, '2019-09-21 13:24:57', '2019-09-21 13:24:57', NULL, '12 врат просветленной повседневности', '', 12, '', 1, 1),
(88, '2019-09-21 13:24:57', '2019-09-21 13:24:57', NULL, 'Учебник быстрого чтения', '', 18, '', 1, 1),
(89, '2019-09-21 13:24:57', '2019-09-21 13:24:57', NULL, 'Стенография - письмо нашей бурной эпохи', '', 67, '', 1, 1),
(90, '2019-09-21 13:24:57', '2019-09-22 14:00:44', NULL, 'Похождение трусливой львицы', '', 68, '', 4, 3),
(91, '2019-09-21 13:24:57', '2019-09-21 13:24:57', NULL, '7 шагов к успеху', '', 69, '', 1, 1),
(92, '2019-09-21 13:24:57', '2019-09-21 13:24:57', NULL, '4 вида любви', '', 69, '', 1, 1),
(93, '2019-09-21 13:24:57', '2019-09-21 13:24:57', NULL, '5 методов воспитания детей', '', 69, '', 1, 1),
(94, '2019-09-21 13:24:57', '2019-09-21 13:24:57', NULL, 'если хочешь быть счастливым', '', 69, '', 1, 1),
(95, '2019-09-21 13:24:57', '2019-09-21 13:24:57', NULL, 'професия филосов', '', 69, '', 1, 1),
(96, '2019-09-21 13:24:57', '2019-09-21 13:24:57', NULL, 'Бинтование душевных ран', '', 69, '', 1, 1),
(97, '2019-09-21 13:24:57', '2019-09-21 13:24:57', NULL, 'Из ада в рай', '', 69, '', 1, 1),
(98, '2019-09-21 13:24:57', '2019-09-21 13:24:57', NULL, 'Как узнать и изменить свою судьбу', '', 69, '', 1, 1),
(99, '2019-09-21 13:24:57', '2019-09-22 14:00:44', NULL, 'Командовать или подчиняться', '', 69, '', 7, 3),
(100, '2019-09-21 13:24:57', '2019-09-22 14:00:44', NULL, 'Принцип сперматозоида', '', 69, '', 7, 3),
(101, '2019-09-21 13:24:57', '2019-09-22 14:00:44', NULL, 'Психологическое айкидо', '', 69, '', 8, 3),
(102, '2019-09-21 13:24:57', '2019-09-21 13:24:57', NULL, 'Секс в семье и на работе', '', 69, '', 1, 1),
(103, '2019-09-21 13:24:57', '2019-09-21 13:24:57', NULL, 'Не нойте', '', 69, '', 1, 1),
(104, '2019-09-21 13:24:57', '2019-09-21 13:24:57', NULL, 'Роскошь системного самопознания', '', 70, '', 1, 1),
(105, '2019-09-21 13:24:57', '2019-09-21 13:24:57', NULL, 'Основы системно векторного психоанализа', '', 70, '', 1, 1),
(106, '2019-09-21 13:24:57', '2019-09-21 13:24:57', NULL, 'Языковый детонатор', '', 17, '', 1, 1),
(107, '2019-09-21 13:24:57', '2019-09-21 13:24:57', NULL, 'Теория когнитивного диссонанса', '', 71, '', 1, 1),
(108, '2019-09-21 13:24:57', '2019-09-21 13:24:57', NULL, 'Оборотная сторона зеркала', '', 72, '', 1, 1),
(109, '2019-09-21 13:24:57', '2019-09-21 13:24:57', NULL, 'логико философский трактат', '', 73, '', 1, 1),
(110, '2019-09-21 13:24:57', '2019-09-21 13:24:57', NULL, 'Введение в психоанализ', '', 74, '', 1, 1),
(111, '2019-09-21 13:24:57', '2019-09-21 13:24:57', NULL, 'Осознаное сновидение', '', 1, '', 1, 1),
(112, '2019-09-21 13:24:57', '2019-09-21 13:24:57', NULL, 'О вреде здорового питания', '', 75, '', 1, 1),
(113, '2019-09-21 13:24:57', '2019-09-21 13:24:57', NULL, 'Питание и физическая дегенерация', '', 76, '', 1, 1),
(114, '2019-09-21 13:24:57', '2019-09-21 13:24:57', NULL, 'Китайское исследование', '', 77, '', 1, 1),
(115, '2019-09-21 13:24:57', '2019-09-21 13:24:57', NULL, 'Меняющий', '', 17, '', 1, 1),
(116, '2019-09-21 13:24:57', '2019-09-22 14:00:45', NULL, 'Денежный поток', '', 9, '', 7, 3),
(117, '2019-09-21 13:24:57', '2019-09-21 13:24:57', NULL, 'Наблюдая за англичанами', '', 78, 'c9ed479c281f05c07e9e50332efd2ddd.zip', 1, 1),
(118, '2019-09-21 13:24:57', '2019-09-21 13:24:57', NULL, 'Измена в Ватикане', '', 79, '', 1, 1),
(119, '2019-09-21 13:24:57', '2019-09-21 13:24:57', NULL, 'Оборотни или кто стоит за Ватиканом', '', 79, '', 1, 1),
(120, '2019-09-21 13:24:57', '2019-09-21 13:24:57', NULL, 'Свобода шамана', '', 80, '', 1, 1),
(121, '2019-09-21 13:24:57', '2019-09-21 13:24:57', NULL, 'Умножающие скорбь. Как выжить в эпоху войны элит', '', 81, '', 1, 1),
(122, '2019-09-21 13:24:57', '2019-09-21 13:24:57', NULL, 'Трансэволюция', '', 82, '25c141eb65a69ca149428ce7e485e134.OXW', 1, 1),
(123, '2019-09-21 13:24:57', '2019-09-21 13:24:57', NULL, 'Секреты Бильдербергского клуба', '', 82, '1d0af5b23cc3730ffcf23ebccc50b556.zip', 1, 1),
(124, '2019-09-21 13:24:57', '2019-09-21 13:24:57', NULL, 'Смертельная схватка немецких вождей', '', 83, '', 1, 1),
(125, '2019-09-21 13:24:57', '2019-09-21 13:24:57', NULL, 'Преступный интернационал в центре Европы. Как NATO создают государства-бандиты', 'Эта книга о том, как устроен современный мир, как мировая верхушка, низовым и внелегальным сегментом которой являются операторы мировой криминальной системы (связь обеспечивают спецслужбы и некоторые семьи нижней и средней частей мировых верхов), управляет историческим процессом. На примере частично признанного государства — Республики Косово — вскрыта природа государства-бандита, убедительно показано, как неразрывно связаны политико-экономические интересы и цели западных политиков, военных, банкиров, руководителей СМИ и албанских криминальных структур, как совместно они пытаются перекраивать не только современный мир — его экономику и географию, но и историю', 84, '', 1, 1),
(126, '2019-09-21 13:24:57', '2019-09-21 13:24:57', NULL, 'Мировые войны и мировые элиты', 'Парады на Красной площади 9 мая и патриотические фильмы напоминают нам о героических сражениях Великой Отечественной, но не раскрывают тех тайных механизмов, которые раскрутили кровавый маховик Второй мировой войны. Для большинства современных людей фашизм это Бенито Муссолини и Адольф Гитлер. Однако концлагеря были придуманы не Гитлером, не Муссолини и не Гиммлером. Заключенные в полосатых робах выпускали шоколад Nestle, моторы BMW и автомобили Volkswagen. Освенцим был лишь «частной инициативой» корпорации I.G. Farbenindustrie AG, где учет заключенных велся счетными машинами IBM, а медицинские опыты над людьми проводились по заказу фи Настоящими «фюрерами» фашизма были корпорации, основавшие Третий рейх. В нацистской Германии впервые появились и телевизионная реклама, и термин «приватизация». Именно приватизация всего и вся частными банками стала основной целью плана «Ост» на оккупированных территориях Восточной Европы. А разработчиком планов Третьего рейха по завоеванию мирового господства был картель международных корпораций, объединенных в концерн I.G. Farbenindustrie AG. Планы этих господ, руководящих банками и монополиями, не изменились и по сей день. Как заметил американский комик Джордж Карлин, «Германия потерпела поражение во Второй мировой войне, а фашизм победил. Поверьте мне, мой друг…» e-reading.club', 85, '0ca0207f66f030c93882d92adf0791f6.zip', 1, 1),
(127, '2019-09-21 13:24:57', '2019-10-05 13:10:28', NULL, 'Лестница в небо', 'В своей книге Хазин и Щеглов предлагают читателю совершенно новую трактовку сущности Власти, подробно рассказывая о всех стадиях властной карьеры — от рядового сотрудника корпорации до высокопоставленного представителя мировой элиты.\r\nКакое правило Власти нарушил Стив Джобс, в 1984 году уволенный со всех постов в собственной компании Apple? Какой враг довел до расстрела «гения Карпат», всесильного диктатора Румынии Николае Чауше- ску? Почему военный переворот 1958 года во Франции начали генералы, а власть в результате досталась давно вышедшему в отставку Де Голлю? Сколько лет потребовалось настоящему человеку Власти, чтобы пройти путь от нищего на паперти до императора Византии, и как ему вообще это удалось?\r\nОб этом и о многом другом — в новой книге известного российского экономиста Михаила Хазина и популярного блогера Сергея Щеглова.', 86, 'bfa919e5359cf3ed8b1d71ee53934506.zip', 1, 1);

-- --------------------------------------------------------

--
-- Структура таблицы `categories`
--

CREATE TABLE `categories` (
  `id` int(10) UNSIGNED NOT NULL,
  `name` varchar(255) COLLATE utf8mb4_unicode_ci NOT NULL,
  `parent_id` int(11) NOT NULL DEFAULT '0',
  `created_at` timestamp NULL DEFAULT NULL,
  `updated_at` timestamp NULL DEFAULT NULL,
  `deleted_at` timestamp NULL DEFAULT NULL
) ENGINE=InnoDB DEFAULT CHARSET=utf8mb4 COLLATE=utf8mb4_unicode_ci;

--
-- Дамп данных таблицы `categories`
--

INSERT INTO `categories` (`id`, `name`, `parent_id`, `created_at`, `updated_at`, `deleted_at`) VALUES
(2, 'Разное', 0, '2019-10-09 15:48:44', '2019-10-09 15:53:09', NULL),
(3, 'Образование', 0, '2019-10-10 15:17:04', '2019-10-10 15:17:04', NULL);

-- --------------------------------------------------------

--
-- Структура таблицы `migrations`
--

CREATE TABLE `migrations` (
  `id` int(10) UNSIGNED NOT NULL,
  `migration` varchar(255) COLLATE utf8mb4_unicode_ci NOT NULL,
  `batch` int(11) NOT NULL
) ENGINE=InnoDB DEFAULT CHARSET=utf8mb4 COLLATE=utf8mb4_unicode_ci;

--
-- Дамп данных таблицы `migrations`
--

INSERT INTO `migrations` (`id`, `migration`, `batch`) VALUES
(1, '2014_10_12_000000_create_users_table', 1),
(2, '2014_10_12_100000_create_password_resets_table', 1),
(3, '2019_09_20_165121_create_authors_table', 1),
(8, '2019_09_20_172812_create_books_table', 2),
(9, '2019_09_20_173052_create_quotes_table', 2),
(11, '2019_09_21_164039_set_null_columb_author_books_table_quotes', 3),
(13, '2019_09_26_183910_add_column_delete_at_table_quotes', 4),
(17, '2019_10_03_193034_change_column_table_books', 5),
(18, '2019_10_07_134336_create_tags_table', 6),
(19, '2019_10_07_134526_create_categories_table', 6),
(20, '2019_10_10_130236_add_column_cat_id_table_tags', 7),
(21, '2019_10_11_122936_create_quotes_tags_table', 8);

-- --------------------------------------------------------

--
-- Структура таблицы `password_resets`
--

CREATE TABLE `password_resets` (
  `email` varchar(255) COLLATE utf8mb4_unicode_ci NOT NULL,
  `token` varchar(255) COLLATE utf8mb4_unicode_ci NOT NULL,
  `created_at` timestamp NULL DEFAULT NULL
) ENGINE=InnoDB DEFAULT CHARSET=utf8mb4 COLLATE=utf8mb4_unicode_ci;

-- --------------------------------------------------------

--
-- Структура таблицы `quotes`
--

CREATE TABLE `quotes` (
  `id` int(10) UNSIGNED NOT NULL,
  `created_at` timestamp NULL DEFAULT NULL,
  `updated_at` timestamp NULL DEFAULT NULL,
  `text` text COLLATE utf8mb4_unicode_ci NOT NULL,
  `author_id` int(11) DEFAULT NULL,
  `book_id` int(11) DEFAULT NULL,
  `rating` int(10) UNSIGNED NOT NULL,
  `deleted_at` timestamp NULL DEFAULT NULL
) ENGINE=InnoDB DEFAULT CHARSET=utf8mb4 COLLATE=utf8mb4_unicode_ci ROW_FORMAT=COMPACT;

--
-- Дамп данных таблицы `quotes`
--

INSERT INTO `quotes` (`id`, `created_at`, `updated_at`, `text`, `author_id`, `book_id`, `rating`, `deleted_at`) VALUES
(1, '2019-09-21 13:59:46', '2019-10-06 09:44:18', 'Сарказм и юмор между собой не связаны. Юмор проявление любви, сарказм – ненависти', NULL, NULL, 3, '2019-10-06 09:44:18'),
(2, '2019-09-21 13:59:46', '2019-10-06 09:42:42', 'Решение экономических проблем не приносит счастье', NULL, NULL, 7, '2019-10-06 09:42:42'),
(3, '2019-09-21 13:59:46', '2019-09-21 13:59:46', 'Правда в том, что нас имеют остальное детали', NULL, NULL, 0, NULL),
(4, '2019-09-21 13:59:46', '2019-09-21 13:59:46', 'Спешить медленно', NULL, NULL, 0, NULL),
(5, '2019-09-21 13:59:46', '2019-09-21 13:59:46', 'Несчастные люди не созидатели', NULL, NULL, 0, NULL),
(6, '2019-09-21 13:59:46', '2019-09-21 13:59:46', 'История слуга действующей власти', NULL, NULL, 9, NULL),
(7, '2019-09-21 13:59:46', '2019-10-06 09:43:37', 'Многим важнее казаться, чем быть', NULL, NULL, 5, '2019-10-06 09:43:37'),
(8, '2019-09-21 13:59:46', '2019-09-21 13:59:46', 'Если конкуренты закрыты, ты должен быть открытым', NULL, NULL, 0, NULL),
(9, '2019-09-21 13:59:46', '2019-09-21 13:59:46', 'Тюремщик в тюрьме тоже не свободен\r\n', NULL, NULL, 0, NULL),
(10, '2019-09-21 13:59:46', '2019-09-21 13:59:46', 'Любая идея опасна если она не имеет здравого смысла\r\n', NULL, NULL, 0, NULL),
(11, '2019-09-21 13:59:46', '2019-09-21 13:59:46', 'Свобода и вседозволенность разные понятия\r\n', NULL, NULL, 0, NULL),
(12, '2019-09-21 13:59:46', '2019-09-21 13:59:46', 'Хороша та семья в которой дети и родители имеют равные права\r\n', NULL, NULL, 0, NULL),
(13, '2019-09-21 13:59:46', '2019-09-21 13:59:46', 'Хорошие привычки можно развить в любом возрасте\r\n', NULL, NULL, 0, NULL),
(14, '2019-09-21 13:59:47', '2019-09-21 13:59:47', 'Когда ребенок достаточно рано обретает свободу, ему не приходится проживать стадию неискренности и притворства\r\n', NULL, NULL, 0, NULL),
(15, '2019-09-21 13:59:47', '2019-09-21 13:59:47', 'Больше всего в детях поражает абсолютная искренность\r\n', NULL, NULL, 0, NULL),
(16, '2019-09-21 13:59:47', '2019-09-21 13:59:47', 'Если вы искренне, остальное придет само\r\n', NULL, NULL, 0, NULL),
(17, '2019-09-21 13:59:47', '2019-10-10 16:11:41', 'Не мудрствуя лукаво', NULL, 0, 0, NULL),
(18, '2019-09-21 13:59:47', '2019-10-10 16:13:04', 'Людям проще в стаде и если не принимаешь общего мнения, то ты изгой', NULL, 0, 0, NULL),
(19, '2019-09-21 13:59:47', '2019-10-10 16:13:35', 'Ничего не меняется, разве что только декорации', NULL, 0, 0, NULL),
(20, '2019-09-21 13:59:47', '2019-10-10 16:14:09', 'Те кто больше всех кричит за патриотизм и идеалы, первый свалит из Родины', NULL, 0, 0, NULL),
(21, '2019-09-21 13:59:47', '2019-10-10 16:14:48', 'жесткая дисциплина и идеология или анархия и вседозволенность - Обе крайности губительны как для общества так и для личности', NULL, 0, 0, NULL),
(22, '2019-09-21 13:59:47', '2019-10-10 16:15:35', 'В тоталиризме что то есть', NULL, 0, 0, NULL),
(23, '2019-09-21 13:59:47', '2019-10-10 16:17:42', 'Идут бараны в ряд, стучат в барабаны. Кожу для них дают сами бараны (Бертольд Брехт)', NULL, 0, 0, NULL),
(24, '2019-09-21 13:59:47', '2019-10-10 16:18:22', 'вырывать слова из контекста не признак большого ума.', NULL, 0, 0, NULL),
(25, '2019-09-21 13:59:47', '2019-09-21 13:59:47', 'Чтобы стать умным, достаточно прочитать 10 книг, но, чтобы найти их, нужно прочитать тысячи', NULL, NULL, 0, NULL),
(26, '2019-09-21 13:59:47', '2019-10-18 15:22:43', 'она настолько хороша, что может быть финалом этого чудного вечера', NULL, 0, 0, NULL),
(27, '2019-09-21 13:59:47', '2019-10-18 15:24:12', 'не хочется сей чудный вечер закнчивать банально', NULL, 0, 0, NULL),
(28, '2019-09-21 13:59:47', '2019-10-18 15:13:33', 'если игра недоступна рядовому пользователю, теряется комерческий интерес проекта', NULL, 0, 0, NULL),
(29, '2019-09-21 13:59:47', '2019-10-18 15:31:56', 'усвоил для себя истину на ять', NULL, 0, 0, NULL),
(30, '2019-09-21 13:59:47', '2019-10-18 15:34:59', 'деньги тоже страдают, что их у меня нет', NULL, 0, 0, NULL),
(31, '2019-09-21 13:59:47', '2019-10-18 15:39:06', 'кто не может держать удар, вынужден держать дистанцию', NULL, 0, 0, NULL),
(32, '2019-09-21 13:59:47', '2019-10-18 15:42:22', 'ему так часто гадили в душу, что он стал пожож на унитаз', NULL, 0, 0, NULL),
(33, '2019-09-21 13:59:47', '2019-10-18 15:17:55', 'жизнь методично разрушает наши планы', NULL, 0, 0, NULL),
(34, '2019-09-21 14:03:20', '2019-09-21 14:03:20', 'Сарказм и юмор между собой не связаны. Юмор проявление любви, сарказм – ненависти', NULL, NULL, 3, NULL),
(35, '2019-09-21 14:03:20', '2019-10-06 10:04:41', 'Решение экономических проблем не приносит счастье', NULL, NULL, 8, NULL),
(36, '2019-09-21 14:03:20', '2019-10-18 15:19:06', 'близилась неминуемая кончина бутылки', NULL, 0, 0, NULL),
(37, '2019-09-21 14:03:20', '2019-10-18 15:20:58', 'алкоголь нерешает проблем, но и у молока тот же эффект', NULL, 0, 0, NULL),
(38, '2019-09-21 14:03:20', '2019-10-10 16:10:25', 'Несчастные люди не созидатели', NULL, NULL, 0, '2019-10-10 16:10:25'),
(39, '2019-09-21 14:03:20', '2019-10-06 09:42:33', 'История слуга действующей власти', NULL, 0, 10, '2019-10-06 09:42:33'),
(40, '2019-09-21 14:03:20', '2019-09-21 14:03:20', 'Многим важнее казаться, чем быть', NULL, NULL, 5, NULL),
(41, '2019-09-21 14:03:20', '2019-10-18 15:21:51', 'мы продолжаем приятно посидеть', NULL, 0, 0, NULL),
(42, '2019-09-21 14:03:20', '2019-10-18 15:15:49', 'черная полоса, скорее затянувшаяся серая', NULL, 0, 0, NULL),
(43, '2019-09-21 14:03:20', '2019-10-18 15:25:23', 'поиск доступных тел женского пола', NULL, 0, 0, NULL),
(44, '2019-09-21 14:03:20', '2019-10-18 15:29:12', 'звенящая свежесть первого заморозка', NULL, 0, 0, NULL),
(45, '2019-09-21 14:03:20', '2019-10-18 15:14:46', 'я убиваю время, время убивает меня мы квиты (хотя у времени получается лучше)', NULL, 0, 0, NULL),
(46, '2019-09-21 14:03:20', '2019-10-18 15:35:41', 'прежде чем бросаться, убедись в достаточной длине привязывающей вас цепи (инструкция для сторожевых собак)', NULL, 0, 0, NULL),
(47, '2019-09-21 14:03:20', '2019-10-18 15:16:42', 'главное успеть понять, что это развилка  вжизни', NULL, 0, 0, NULL),
(48, '2019-09-21 14:03:20', '2019-10-18 15:43:28', 'не знаю с чьей кровати ты встал', NULL, 0, 0, NULL),
(49, '2019-09-21 14:03:20', '2019-10-18 15:45:49', 'все мелкие душонки трусливы и мстительны', NULL, 0, 0, NULL),
(50, '2019-09-21 14:03:20', '2019-10-18 15:23:21', 'как правило небольшие неприятности оборачивабтся большими проблемами', NULL, 0, 0, NULL),
(51, '2019-09-21 14:03:20', '2019-10-18 15:27:20', 'счет в ресторане оказался на удивление гуманным', NULL, 0, 0, NULL),
(52, '2019-09-21 14:03:20', '2019-10-18 15:29:53', 'незатейливый субъект в когорте мужественных портретов', NULL, 0, 0, NULL),
(53, '2019-09-21 14:03:20', '2019-10-18 15:32:50', 'стал свидетелем милой пасторальной сцены', NULL, 0, 0, NULL),
(54, '2019-09-21 14:03:20', '2019-10-18 15:36:23', 'может пойдешь, поиграешь с чем нибудь ядовитым', NULL, 0, 0, NULL),
(55, '2019-09-21 14:03:20', '2019-10-18 15:40:39', 'пытался спать пока ты не разбудил', NULL, 0, 0, NULL),
(56, '2019-09-21 14:03:20', '2019-10-18 15:44:13', 'безответственность и непрофесионализм', NULL, 0, 0, NULL),
(57, '2019-09-21 14:03:20', '2019-10-18 15:46:58', 'себя оправдывать легко', NULL, 0, 0, NULL),
(58, '2019-09-21 14:03:20', '2019-09-21 14:03:20', 'Чтобы стать умным, достаточно прочитать 10 книг, но, чтобы найти их, нужно прочитать тысячи', NULL, NULL, 0, NULL),
(59, '2019-09-21 14:03:20', '2019-09-21 14:03:20', 'Тюремщик в тюрьме тоже не свободен\r\n', NULL, NULL, 0, NULL),
(60, '2019-09-21 14:03:20', '2019-10-18 15:28:02', 'ночь встретила терпкими запахами осени', NULL, 0, 0, NULL),
(61, '2019-09-21 14:03:20', '2019-10-18 15:30:38', 'любой даже самый сильный боксер рано или поздно падает на настил ринга', NULL, 0, 0, NULL),
(62, '2019-09-21 14:03:20', '2019-10-18 15:33:45', 'безропотно сошел с торной дороги славы', NULL, 0, 0, NULL),
(63, '2019-09-21 14:03:20', '2019-10-18 15:38:17', 'сиди тут философию изучай', NULL, 0, 0, NULL),
(64, '2019-09-21 14:03:20', '2019-10-18 15:41:35', 'на всех языках мира, это называетеся подстава', NULL, 0, 0, NULL),
(65, '2019-09-21 14:03:20', '2019-10-18 15:44:50', 'в яростном споре с начальником родилась истина', NULL, 0, 0, NULL),
(66, '2019-09-21 14:03:20', '2019-10-18 15:12:24', 'жизнь как игра задумана хреново, но графика потрясающая', NULL, 0, 0, NULL),
(67, '2019-09-28 15:10:57', '2019-10-06 09:44:28', 'ddddddd', NULL, 72, 1, '2019-10-06 09:44:28'),
(68, '2019-10-08 15:56:57', '2019-10-08 15:56:57', 'запасной вариант наполняет энергией основную цель', 16, NULL, 0, NULL),
(69, '2019-10-08 15:56:57', '2019-10-08 15:56:57', 'повышение важности цели создает новые припятстия на пути ее реализации', 16, NULL, 0, NULL),
(70, '2019-10-08 15:56:57', '2019-10-08 15:56:57', 'чем хуже запасной вариант тем больше потенциал для основной цели', 16, NULL, 0, NULL),
(71, '2019-10-08 15:56:57', '2019-10-08 15:56:57', 'запасной вариант должен быть динамическим', 16, NULL, 0, NULL),
(72, '2019-10-08 15:56:57', '2019-10-18 15:48:17', 'в науке нет чести', NULL, 0, 0, NULL),
(73, '2019-10-08 15:56:57', '2019-10-08 15:56:57', 'опаздывает тот кто спешит', 16, NULL, 0, NULL),
(74, '2019-10-08 15:56:57', '2019-10-08 15:56:57', 'торопливость это внутреннее стостояние', 16, NULL, 0, NULL),
(75, '2019-10-08 15:56:57', '2019-10-08 15:56:57', 'масса сокращает время', 16, NULL, 0, NULL),
(76, '2019-10-08 15:56:57', '2019-10-08 15:56:57', 'если мы не спешим тогда мы дольше живем', 16, NULL, 0, NULL),
(77, '2019-10-08 15:56:57', '2019-10-08 15:56:57', 'посидеть на дорожку это отказаться от цели на тонком плане', 16, NULL, 0, NULL),
(78, '2019-10-08 15:56:57', '2019-10-08 15:56:57', 'жадность это тоже ускорение времени', 16, NULL, 0, NULL),
(79, '2019-10-08 15:56:57', '2019-10-08 15:56:57', 'старость это лучший способ остановить человека', 16, NULL, 0, NULL),
(80, '2019-10-08 15:56:57', '2019-10-08 15:56:57', 'ревность ускоряет старение', 16, NULL, 0, NULL),
(81, '2019-10-08 15:56:57', '2019-10-08 15:56:57', 'желание это потытка совместить будущее и настоящее', 16, NULL, 0, NULL),
(82, '2019-10-08 15:56:57', '2019-10-08 15:56:57', 'мы ощущаем ускорение времени когда падает наша энергетика ', 16, NULL, 0, NULL),
(83, '2019-10-19 04:58:37', '2019-10-19 04:58:37', 'день пропал не зря', NULL, 0, 0, NULL),
(84, '2019-10-19 04:58:37', '2019-10-19 04:58:37', 'гвозди бы делать из этих людей', NULL, 0, 0, NULL),
(85, '2019-10-19 04:58:37', '2019-10-19 04:58:37', 'с похмелья в голову приходять мысли только о высоком', NULL, 0, 0, NULL),
(86, '2019-10-19 04:58:37', '2019-10-19 04:58:37', 'время надежд осталось позади', NULL, 0, 0, NULL),
(87, '2019-10-19 04:58:37', '2019-10-19 04:58:37', 'жена трезво просчитав свои шансы ушла к другому', NULL, 0, 0, NULL),
(88, '2019-10-19 04:58:37', '2019-10-19 04:58:37', 'женская красота товар скоропортящийся', NULL, 0, 0, NULL),
(89, '2019-10-19 04:58:37', '2019-10-19 04:58:37', 'друзей нет, одни собутыльники', NULL, 0, 0, NULL),
(90, '2019-10-19 04:58:38', '2019-10-19 04:58:38', 'как в упряжке или ты лидер или пейзаж не меняется', NULL, 0, 0, NULL),
(91, '2019-10-19 04:58:38', '2019-10-19 04:58:38', 'главное не врать себе', NULL, 0, 0, NULL),
(92, '2019-10-19 04:58:38', '2019-10-19 04:58:38', 'когда врешь другим скверно, когда врешь себе страшно', NULL, 0, 0, NULL),
(93, '2019-10-19 04:58:38', '2019-10-19 04:58:38', 'она нашла во мне явно не деньги', NULL, 0, 0, NULL),
(94, '2019-10-19 04:58:38', '2019-10-19 04:58:38', 'иллюзия будущего еще имеется', NULL, 0, 0, NULL),
(95, '2019-10-19 04:58:38', '2019-10-19 04:58:38', 'пока человек живет, он надеется', NULL, 0, 0, NULL),
(96, '2019-10-19 04:58:38', '2019-10-19 04:58:38', 'новая работа, новые возможности', NULL, 0, 0, NULL),
(97, '2019-10-19 04:58:38', '2019-10-19 04:58:38', 'наши друзья, им не по вкусу', NULL, 0, 0, NULL),
(98, '2019-10-19 04:58:38', '2019-10-19 04:58:38', 'не суди о человеке по друзьям. у иуды они были безупречны', NULL, 0, 0, NULL),
(99, '2019-10-19 04:58:38', '2019-10-19 04:58:38', 'когда господь создал время, он создал его достаточно', NULL, 0, 0, NULL),
(100, '2019-10-19 04:58:38', '2019-10-19 04:58:38', 'конформизм ценится больше чем индивидуальность', NULL, 0, 0, NULL),
(101, '2019-10-19 04:58:38', '2019-10-19 04:58:38', '', NULL, 0, 0, NULL),
(102, '2019-10-19 05:02:53', '2019-10-19 05:02:53', 'Варианты это хорошо', NULL, 0, 0, NULL),
(103, '2019-10-19 05:02:53', '2019-10-19 05:02:53', 'Серьезность мое второе имя', NULL, 0, 0, NULL),
(104, '2019-10-19 05:02:53', '2019-10-19 05:02:53', 'Хорошие шутка не повторяется', NULL, 0, 0, NULL),
(105, '2019-10-19 05:02:53', '2019-10-19 05:02:53', 'Улыбка фортуны, скорее оскал', NULL, 0, 0, NULL),
(106, '2019-10-19 05:02:53', '2019-10-19 05:02:53', 'Меняться каждый день', NULL, 0, 0, NULL),
(107, '2019-10-19 05:02:53', '2019-10-19 05:02:53', 'Третья генерация собственника разрушает бизнес', NULL, 0, 0, NULL),
(108, '2019-10-19 05:02:53', '2019-10-19 05:02:53', 'Легко разобраться в историях неуспеха', NULL, 0, 0, NULL),
(109, '2019-10-19 05:02:53', '2019-10-19 05:02:53', 'Чем лучше  человек пытается выглядеть внешне, тем больше демонов у него внутри', NULL, 0, 0, NULL),
(110, '2019-10-19 05:02:53', '2019-10-19 05:02:53', 'Неделать вещи которые делают меня несчастливым', NULL, 0, 0, NULL),
(111, '2019-10-19 05:02:53', '2019-10-19 05:02:53', 'Деньги дают возможность общаться с тем, с кем ты хочешь', NULL, 0, 0, NULL),
(112, '2019-10-19 05:02:53', '2019-10-19 05:02:53', 'Все в жизни и в бизнесе позитивные вибрации', NULL, 0, 0, NULL),
(113, '2019-10-19 05:02:53', '2019-10-19 05:02:53', 'Вся собака зарыта в мелочах', NULL, 0, 0, NULL),
(114, '2019-10-19 05:02:53', '2019-10-19 05:02:53', 'Выжимать производительность труда, максимальной автоматизацией', NULL, 0, 0, NULL),
(115, '2019-10-19 05:02:53', '2019-10-19 05:02:53', 'Ни каких денег несвобода не стоит', NULL, 0, 0, NULL),
(116, '2019-10-19 05:02:53', '2019-10-19 05:02:53', 'Плоский режим управления', NULL, 0, 0, NULL),
(117, '2019-10-19 05:02:53', '2019-10-19 05:02:53', 'Видеть цель и иметь инструменты для ее воплощения', NULL, 0, 0, NULL),
(118, '2019-10-19 05:02:53', '2019-10-19 05:02:53', 'Корупция самый большой тормоз экономики', NULL, 0, 0, NULL),
(119, '2019-10-19 05:02:53', '2019-10-19 05:02:53', 'Люди хотят перемен, но люди не хотят их принимать', NULL, 0, 0, NULL),
(120, '2019-10-19 05:02:53', '2019-10-19 05:02:53', 'Несчастные люди несут несчастье своим колегам', NULL, 0, 0, NULL),
(121, '2019-10-19 05:02:53', '2019-10-19 05:02:53', 'Критическая вешь в коллективе - честность', NULL, 0, 0, NULL),
(122, '2019-10-19 05:02:53', '2019-10-19 05:02:53', 'Социальная нагрузка', NULL, 0, 0, NULL),
(123, '2019-10-19 05:02:53', '2019-10-19 05:02:53', 'Инвентаризация компетентности', NULL, 0, 0, NULL),
(124, '2019-10-19 05:02:53', '2019-10-19 05:02:53', 'Большинство богатых людей занимаются либо металлом либо нефтью', NULL, 0, 0, NULL),
(125, '2019-10-19 05:02:53', '2019-10-19 05:02:53', 'Деньги - это свобода', NULL, 0, 0, NULL),
(126, '2019-10-19 05:02:53', '2019-10-19 05:02:53', 'Свобода это базовая потребность', NULL, 0, 0, NULL),
(127, '2019-10-19 05:02:53', '2019-10-19 05:02:53', 'В бущущее без илюзий', NULL, 0, 0, NULL),
(128, '2019-10-19 05:02:53', '2019-10-19 05:02:53', 'Если бы я написал книгу, которая бы понравилась всем в ней небыло бы ничего нового (Артур Кларк)', NULL, 0, 0, NULL),
(129, '2019-10-19 05:02:53', '2019-10-19 05:02:53', 'Мы способны делать выводы и принимать решения не обладая полной информацией о предмете', NULL, 0, 0, NULL),
(130, '2019-10-19 05:02:53', '2019-10-19 05:02:53', 'Человек способен сопоставлять вещи, и для этого не требуется много информации', NULL, 0, 0, NULL),
(131, '2019-10-19 05:02:54', '2019-10-19 05:02:54', 'Человек не способен думать или логически рассуждать', NULL, 0, 0, NULL),
(132, '2019-10-19 05:02:54', '2019-10-19 05:02:54', 'Каждый человек полностью соответствует той среде в которй живет', NULL, 0, 0, NULL),
(133, '2019-10-19 05:02:54', '2019-10-19 05:02:54', 'Мы жертвы нашей культуры', NULL, 0, 0, NULL),
(134, '2019-10-19 05:02:54', '2019-10-19 05:02:54', 'Мы смотрим на мир сквозь наш прежний опыт', NULL, 0, 0, NULL),
(135, '2019-10-19 05:02:54', '2019-10-19 05:02:54', 'Люди пользуются теми инструментами, которые им известны', NULL, 0, 0, NULL),
(136, '2019-10-19 05:02:54', '2019-10-19 05:02:54', 'На языке которым мы пользуемся сегодня трудно передать мысли другому', NULL, 0, 0, NULL),
(137, '2019-10-19 05:02:54', '2019-10-19 05:02:54', 'баланс поставленной задачи и умений', NULL, 0, 0, NULL),
(138, '2019-10-19 05:02:54', '2019-10-19 05:02:54', 'применять принципы потока в своей работе', NULL, 0, 0, NULL),
(139, '2019-10-19 05:02:54', '2019-10-19 05:02:54', 'Одно из самых главных мечтаний человечества заключается в том, чтобы расширить пределы нашего сознания до бесконечности', NULL, 0, 0, NULL),
(140, '2019-10-19 05:02:54', '2019-10-19 05:02:54', 'Доставляет ли нам жизнь радость зависит от того, как наше сознание интерпретирует наш повседневный опыт. ', NULL, 0, 0, NULL),
(141, '2019-10-19 05:02:54', '2019-10-19 05:02:54', 'Ощущение счастья зависит от внутренней гармонии, а не от способности контролировать силы Вселенной.', NULL, 0, 0, NULL),
(142, '2019-10-19 05:02:54', '2019-10-19 05:02:54', 'Все является ядом в зависимости от дозы', NULL, 0, 0, NULL),
(143, '2019-10-19 05:02:54', '2019-10-19 05:02:54', 'Мысли о том что мы можем все поменять - илюзии', NULL, 0, 0, NULL),
(144, '2019-10-19 05:02:54', '2019-10-19 05:02:54', 'Общество больше не определяет кто я', NULL, 0, 0, NULL),
(145, '2019-10-19 05:02:54', '2019-10-19 05:02:54', 'Слово жопа в статье увеличивает количество ее просмотров в 9 раз', NULL, 0, 0, NULL),
(146, '2019-10-19 05:02:54', '2019-10-19 05:02:54', 'Мы есть эффект перекрестия социальных отношений в которых находимся', NULL, 0, 0, NULL),
(147, '2019-10-19 05:02:54', '2019-10-19 05:02:54', 'Надо сначала узнать что такое много денег, а потом решать хочется тебе этого или нет', NULL, 0, 0, NULL),
(148, '2019-10-19 05:02:54', '2019-10-19 05:02:54', 'идея о том что деньги приносят счастье гипотетическая', NULL, 0, 0, NULL),
(149, '2019-10-19 05:02:54', '2019-10-19 05:02:54', 'Интерес самая неустойчивая эмоция', NULL, 0, 0, NULL),
(150, '2019-10-19 05:02:54', '2019-10-19 05:02:54', 'принять вечную гармония в которую мы все сольемся в финале', NULL, 0, 0, NULL),
(151, '2019-10-19 05:02:54', '2019-10-19 05:02:54', 'нельзя оправдать прекрасным финалом то что творится сейчас', NULL, 0, 0, NULL),
(152, '2019-10-19 05:02:54', '2019-10-19 05:02:54', 'будущая гармония не стоит и детской слезинки', NULL, 0, 0, NULL),
(153, '2019-10-19 05:07:49', '2019-10-19 05:07:49', 'Женщину трудно в чем то убедить, пока она не убедит семя сама', NULL, 0, 0, NULL),
(154, '2019-10-19 05:07:49', '2019-10-19 05:07:49', 'Женщины верят поэтам', NULL, 0, 0, NULL),
(155, '2019-10-19 05:07:49', '2019-10-19 05:07:49', 'Гнаться за погибшим счастьем бесполезно', NULL, 0, 0, NULL),
(156, '2019-10-19 05:07:49', '2019-10-19 05:07:49', 'Хуже смерти ничего не случится, а ее не избежать', NULL, 0, 0, NULL),
(157, '2019-10-19 05:07:49', '2019-10-19 05:07:49', 'Мы учимся в процессе творчества', NULL, 0, 0, NULL),
(158, '2019-10-19 05:07:49', '2019-10-19 05:07:49', 'Обучение зависит от состояния', NULL, 0, 0, NULL),
(159, '2019-10-19 05:07:49', '2019-10-19 05:07:49', 'Большая сила это большая ответственность', NULL, 0, 0, NULL),
(160, '2019-10-19 05:07:49', '2019-10-19 05:07:49', 'Обменяйте свой ум на любопытство', NULL, 0, 0, NULL),
(161, '2019-10-19 05:07:49', '2019-10-19 05:07:49', 'Побеждает тот кто читает', NULL, 0, 0, NULL),
(162, '2019-10-19 05:07:49', '2019-10-19 05:07:49', 'Чтение разновидность заботы о себе', NULL, 0, 0, NULL),
(163, '2019-10-19 05:07:49', '2019-10-19 05:07:49', 'Знание сила, чтение супер сила', NULL, 0, 0, NULL),
(164, '2019-10-19 05:07:49', '2019-10-19 05:07:49', 'Жизнь только начинается', NULL, 0, 0, NULL),
(165, '2019-10-19 05:07:49', '2019-10-19 05:07:49', 'Не бывает плохого мозга, бывает нетренированный', NULL, 0, 0, NULL),
(166, '2019-10-19 05:07:49', '2019-10-19 05:07:49', 'Хочешь быть первым, вступай в игру', NULL, 0, 0, NULL),
(167, '2019-10-19 05:07:49', '2019-10-19 05:07:49', 'Вычеркни из памяти все что знаешь', NULL, 0, 0, NULL),
(168, '2019-10-19 05:07:49', '2019-10-19 05:07:49', 'Подобие бога не дароване, а формируется в процессе жизни', NULL, 0, 0, NULL),
(169, '2019-10-19 05:07:49', '2019-10-19 05:07:49', 'Разница между словом и понятием', NULL, 0, 0, NULL),
(170, '2019-10-19 05:07:49', '2019-10-19 05:07:49', 'Совмещать слова с понятиями', NULL, 0, 0, NULL),
(171, '2019-10-19 05:07:49', '2019-10-19 05:07:49', 'Соловьи поют только когда высиживают птенцов', NULL, 0, 0, NULL),
(172, '2019-10-19 05:07:49', '2019-10-19 05:07:49', 'Ругань при беременности влияет на здоровье ребенка', NULL, 0, 0, NULL),
(173, '2019-10-19 05:07:49', '2019-10-19 05:07:49', 'Что нужно делать чтобы стать человеком разумным?', NULL, 0, 0, NULL),
(174, '2019-10-19 05:07:49', '2019-10-19 05:07:49', 'Инфляция формируется ссудным процентом', NULL, 0, 0, NULL),
(175, '2019-10-19 05:07:49', '2019-10-19 05:07:49', 'Раньше информация среды обитания обновлялась за 25 лет', NULL, 0, 0, NULL),
(176, '2019-10-19 05:07:50', '2019-10-19 05:07:50', 'Деньги инструмент', NULL, 0, 0, NULL),
(177, '2019-10-19 05:07:50', '2019-10-19 05:07:50', 'Деньги отблеск материальных ресурсов', NULL, 0, 0, NULL),
(178, '2019-10-19 05:07:50', '2019-10-19 05:07:50', 'Научиться учиться', NULL, 0, 0, NULL),
(179, '2019-10-19 05:07:50', '2019-10-19 05:07:50', 'Удвоение объема информации', NULL, 0, 0, NULL),
(180, '2019-10-19 05:07:50', '2019-10-19 05:07:50', 'Мы обманываем себя думая что женщины любят нас за физические или нравственные достоинства', NULL, 0, 0, NULL),
(181, '2019-10-19 05:07:50', '2019-10-19 05:07:50', 'Грустно тому чье предназначение разрушать чужие надежды', NULL, 0, 0, NULL),
(182, '2019-10-19 05:07:50', '2019-10-19 05:07:50', 'Многие начиная свою жизнь мечтают ее окончить ка Александр Великий или лорд Байрон', NULL, 0, 0, NULL),
(183, '2019-10-19 05:07:50', '2019-10-19 05:07:50', 'Все мальчики имеют претензию быть стариками', NULL, 0, 0, NULL),
(184, '2019-10-19 05:07:50', '2019-10-19 05:07:50', 'желать и добиваться без надежды', NULL, 0, 0, NULL),
(185, '2019-10-19 05:07:50', '2019-10-19 05:07:50', 'любить врагов не по христиански', NULL, 0, 0, NULL),
(186, '2019-10-19 05:07:50', '2019-10-19 05:07:50', 'одним толчком разрушить заговор, вот что действительно жизнь', NULL, 0, 0, NULL),
(187, '2019-10-19 05:07:50', '2019-10-19 05:07:50', 'есть люди в которых даже отчаяние забавно', NULL, 0, 0, NULL),
(188, '2019-10-19 05:07:50', '2019-10-19 05:07:50', 'Она меня любила за то, что я любил', NULL, 0, 0, NULL),
(189, '2019-10-19 05:07:50', '2019-10-19 05:07:50', 'Многое не говорится, а отгадывается', NULL, 0, 0, NULL),
(190, '2019-10-19 05:07:50', '2019-10-19 05:07:50', 'Любовь которую мы читаем в глазах женщины, ни к чему ее не обязывает, тогда как слова ...', NULL, 0, 0, NULL),
(191, '2019-10-19 05:07:50', '2019-10-19 05:07:50', 'Отчаянье прикрытое любезностью и добродушной улыбкой', NULL, 0, 0, NULL),
(192, '2019-10-19 05:07:50', '2019-10-19 05:07:50', 'Сострадание впустило когти в ее неопытное сердце', NULL, 0, 0, NULL),
(193, '2019-10-19 05:07:50', '2019-10-19 05:07:50', 'Автобиография говорит, что у автора нелады с памятью', NULL, 0, 0, NULL),
(194, '2019-10-19 05:07:50', '2019-10-19 05:07:50', 'Безопастность иллюзияю Избегать опасности не надежнее чем подвергаться ей', NULL, 0, 0, NULL),
(195, '2019-10-19 05:07:50', '2019-10-19 05:07:50', 'Бизнес как езда на велосипеде, либо едешь вперед, либо падаешь', NULL, 0, 0, NULL),
(196, '2019-10-19 05:07:50', '2019-10-19 05:07:50', 'В глазах труса даже муха отбрасывает огромную тень', NULL, 0, 0, NULL),
(197, '2019-10-19 05:07:50', '2019-10-19 05:07:50', 'Игрушки взрослых стоят дорого', NULL, 0, 0, NULL),
(198, '2019-10-19 05:07:50', '2019-10-19 05:07:50', 'Награда не достижение цели, а приобретение опыта', NULL, 0, 0, NULL),
(199, '2019-10-19 05:07:50', '2019-10-19 05:07:50', 'Главное в жизни наслаждаться ею', NULL, 0, 0, NULL),
(200, '2019-10-19 05:07:50', '2019-10-19 05:07:50', 'Ребенка можно заставить поступить в институт, но нельзя заставить думать', NULL, 0, 0, NULL),
(201, '2019-10-19 05:07:50', '2019-10-19 05:07:50', 'Выигрывает тот у кого игрушка больше', NULL, 0, 0, NULL),
(202, '2019-10-19 05:07:50', '2019-10-19 05:07:50', 'Трудности только внутри', NULL, 0, 0, NULL),
(203, '2019-10-19 05:07:50', '2019-10-19 05:07:50', 'Для уверенности нужно знать все или незнать ничего', NULL, 0, 0, NULL),
(204, '2019-10-19 05:07:50', '2019-10-19 05:07:50', 'Возражения позволяют охватить ситуацию в целом', NULL, 0, 0, NULL),
(205, '2019-10-19 05:07:50', '2019-10-19 05:07:50', 'Оскобляют, когда нечем возразить', NULL, 0, 0, NULL),
(206, '2019-10-19 05:07:50', '2019-10-19 05:07:50', 'Если хочешь чтобы заработало, поработай еще', NULL, 0, 0, NULL),
(207, '2019-10-19 05:07:50', '2019-10-19 05:07:50', 'Если не можешь убедить, запугай', NULL, 0, 0, NULL),
(208, '2019-10-19 05:07:50', '2019-10-19 05:07:50', 'родиться человеком чудо, остаться труд', NULL, 0, 0, NULL),
(209, '2019-10-19 05:07:50', '2019-10-19 05:07:50', 'подсознание первично', NULL, 0, 0, NULL),
(210, '2019-10-19 05:07:50', '2019-10-19 05:07:50', 'мы учимся перебирая неудачные попытки', NULL, 0, 0, NULL),
(211, '2019-10-19 05:07:50', '2019-10-19 05:07:50', 'удачная попытка может быть ложной', NULL, 0, 0, NULL),
(212, '2019-10-19 05:07:50', '2019-10-19 05:07:50', 'нас обманывают что мы принимаем решение', NULL, 0, 0, NULL),
(213, '2019-10-19 05:07:50', '2019-10-19 05:07:50', 'уметь чувствовать себя богатым с тем что у тебя есть', NULL, 0, 0, NULL),
(214, '2019-10-19 05:07:50', '2019-10-19 05:07:50', 'имея больше насладиться сложнее', NULL, 0, 0, NULL),
(215, '2019-10-19 05:11:51', '2019-10-19 05:11:51', 'Соблюсти обряды, проще чем доказывать почему их не стоит делать', NULL, 0, 0, NULL),
(216, '2019-10-19 05:11:51', '2019-10-19 05:11:51', 'Совершать обряды проще, когда не воспринимаешь все всерьез', NULL, 0, 0, NULL),
(217, '2019-10-19 05:11:51', '2019-10-19 05:11:51', 'Не возможно заставить шакала, быть кроликом', NULL, 0, 0, NULL),
(218, '2019-10-19 05:11:51', '2019-10-19 05:11:51', 'Рано и поздно жизнь всеравно накажет негодяя', NULL, 0, 0, NULL),
(219, '2019-10-19 05:11:51', '2019-10-19 05:11:51', 'Не верь тому, кто говорит что можно добиться всего и сразу', NULL, 0, 0, NULL),
(220, '2019-10-19 05:11:51', '2019-10-19 05:11:51', 'Достижения мастерства плод длительных усилий', NULL, 0, 0, NULL),
(221, '2019-10-19 05:11:51', '2019-10-19 05:11:51', 'Даже если решение окажется ошибкой, это будет твоя ошибка', NULL, 0, 0, NULL),
(222, '2019-10-19 05:11:51', '2019-10-19 05:11:51', 'Не лезь не в свои дела, не помогай когда не просят', NULL, 0, 0, NULL),
(223, '2019-10-19 05:11:51', '2019-10-19 05:11:51', 'Оставаться в своей зоне комфорта это путь в никуда', NULL, 0, 0, NULL),
(224, '2019-10-19 05:11:51', '2019-10-19 05:11:51', 'Нужно постепенно расширять свою зону комфорта, не выходить а расширять', NULL, 0, 0, NULL),
(225, '2019-10-19 05:11:51', '2019-10-19 05:11:51', 'Пенсия период дожития', NULL, 0, 0, NULL),
(226, '2019-10-19 05:11:51', '2019-10-19 05:11:51', 'Молодое поколение несдержано, им трудно дослушать мысль до конца, если они догадываются к чему она ведет', NULL, 0, 0, NULL),
(227, '2019-10-19 05:11:51', '2019-10-19 05:11:51', 'Нет ничего лучше, чем делить шкуру уже убитого медведя', NULL, 0, 0, NULL),
(228, '2019-10-19 05:11:51', '2019-10-19 05:11:51', 'Одинокие мужчины неплохие повара', NULL, 0, 0, NULL),
(229, '2019-10-19 05:11:51', '2019-10-19 05:11:51', 'ты никогда не затыкалась, а сейчас молчишь как немая. Я изменилась', NULL, 0, 0, NULL),
(230, '2019-10-19 05:11:51', '2019-10-19 05:11:51', 'я не стану проводить последние часы, с двумя жалкими стариками', NULL, 0, 0, NULL),
(231, '2019-10-19 05:11:51', '2019-10-19 05:11:51', 'ради защиты людей', NULL, 0, 0, NULL),
(232, '2019-10-19 05:11:51', '2019-10-19 05:11:51', 'мы хотя бы уже в крипте', NULL, 0, 0, NULL),
(233, '2019-10-19 05:11:51', '2019-10-19 05:11:51', 'будь мы на верху могли бы увидеть, что не замечают другие', NULL, 0, 0, NULL),
(234, '2019-10-19 05:11:51', '2019-10-19 05:11:51', 'страдания ничего не меняют', NULL, 0, 0, NULL),
(235, '2019-10-19 05:11:51', '2019-10-19 05:11:51', 'мы способны только на один подвиг, смотреть правде в лицо', NULL, 0, 0, NULL),
(236, '2019-10-19 05:11:51', '2019-10-19 05:11:51', 'все что ты делал привело тебя сюда', NULL, 0, 0, NULL),
(237, '2019-10-19 05:11:51', '2019-10-19 05:11:51', 'туда где твое место, домой', NULL, 0, 0, NULL),
(238, '2019-10-19 05:11:51', '2019-10-19 05:11:51', 'вы работать будете?', NULL, 0, 0, NULL),
(239, '2019-10-19 05:11:51', '2019-10-19 05:11:51', 'развелось идиотов, говорящих правильные слова', NULL, 0, 0, NULL),
(240, '2019-10-19 05:11:51', '2019-10-19 05:11:51', 'взялись бы за руки и гуляли по лесу', NULL, 0, 0, NULL),
(241, '2019-10-19 05:11:51', '2019-10-19 05:11:51', 'речь не о верности, а о выживании', NULL, 0, 0, NULL),
(242, '2019-10-19 05:11:52', '2019-10-19 05:11:52', 'мне знакома смерть, у нее разные лица, и мне нетерпится увидеть это', NULL, 0, 0, NULL),
(243, '2019-10-19 05:11:52', '2019-10-19 05:11:52', 'если тебя убьют, ты ничем нам не поможешь', NULL, 0, 0, NULL),
(244, '2019-10-19 05:11:52', '2019-10-19 05:11:52', 'кто сказал, что потом что то будет', NULL, 0, 0, NULL),
(245, '2019-10-19 05:11:52', '2019-10-19 05:11:52', 'сейчас, я уже ни на кого не сержусь', NULL, 0, 0, NULL),
(246, '2019-10-19 05:11:52', '2019-10-19 05:11:52', 'ее трудно винить', NULL, 0, 0, NULL),
(247, '2019-10-19 05:11:52', '2019-10-19 05:11:52', 'как и все умные люди, недооценинил соперников', NULL, 0, 0, NULL),
(248, '2019-10-19 05:11:52', '2019-10-19 05:11:52', 'уметь приправить ложь правдой', NULL, 0, 0, NULL),
(249, '2019-10-19 05:11:52', '2019-10-19 05:11:52', 'всегда знал какая она, и всеравно любил ее', NULL, 0, 0, NULL),
(250, '2019-10-19 05:11:52', '2019-10-19 05:11:52', 'умереть в своей постели лет в 80, напившись вина и с девкой под боком', NULL, 0, 0, NULL),
(251, '2019-10-19 05:11:52', '2019-10-19 05:11:52', 'признавать ошибки, и учиться на них', NULL, 0, 0, NULL),
(252, '2019-10-19 05:11:52', '2019-10-19 05:11:52', 'в семьях все не просто', NULL, 0, 0, NULL),
(253, '2019-10-19 05:11:52', '2019-10-19 05:11:52', 'мужчины творять глупость ради женщин, ими легко манипулировать', NULL, 0, 0, NULL),
(254, '2019-10-19 05:11:52', '2019-10-19 05:11:52', 'издержки самосовершенствования', NULL, 0, 0, NULL),
(255, '2019-10-19 05:11:52', '2019-10-19 05:11:52', 'выигрывает тот, у кого игрушки больше', NULL, 0, 0, NULL),
(256, '2019-10-19 05:11:52', '2019-10-19 05:11:52', 'для уверенности нужно знать все, или незнать ничего', NULL, 0, 0, NULL),
(257, '2019-10-19 05:11:52', '2019-10-19 05:11:52', 'возражения помогают охватить ситуацию в целом', NULL, 0, 0, NULL),
(258, '2019-10-19 05:11:52', '2019-10-19 05:11:52', 'оскорбляют, когда нечем аргументировать', NULL, 0, 0, NULL),
(259, '2019-10-19 05:11:52', '2019-10-19 05:11:52', 'оскорбляют, когда нечем возразить', NULL, 0, 0, NULL),
(260, '2019-10-19 05:11:52', '2019-10-19 05:11:52', 'если не можещь убедить, запугай', NULL, 0, 0, NULL),
(261, '2019-10-19 05:11:52', '2019-10-19 05:11:52', 'уменьшительно ласкательные формы', NULL, 0, 0, NULL),
(262, '2019-10-19 05:11:52', '2019-10-19 05:11:52', 'ты завелся из банной мокроты', NULL, 0, 0, NULL),
(263, '2019-10-19 05:11:52', '2019-10-19 05:11:52', 'сознательно был введен в заблуждение', NULL, 0, 0, NULL),
(264, '2019-10-19 05:11:52', '2019-10-19 05:11:52', 'меньше не мог ожидать от вашей доброты', NULL, 0, 0, NULL),
(265, '2019-10-19 05:11:52', '2019-10-19 05:11:52', 'дозволено любое злодейство, если оно будет разумным выходом', NULL, 0, 0, NULL),
(266, '2019-10-19 05:11:52', '2019-10-19 05:11:52', 'говорите без юродства', NULL, 0, 0, NULL),
(267, '2019-10-19 05:11:52', '2019-10-19 05:11:52', 'за сапог спрятал', NULL, 0, 0, NULL),
(268, '2019-10-19 05:11:52', '2019-10-19 05:11:52', 'послушание в миру', NULL, 0, 0, NULL),
(269, '2019-10-19 05:11:52', '2019-10-19 05:11:52', 'широк человек, я бы сузил', NULL, 0, 0, NULL),
(270, '2019-10-19 05:11:52', '2019-10-19 05:11:52', 'гордость от ума и образования', NULL, 0, 0, NULL),
(271, '2019-10-19 05:11:52', '2019-10-19 05:11:52', 'время делает из важного пустое', NULL, 0, 0, NULL),
(272, '2019-10-19 05:11:52', '2019-10-19 05:11:52', 'для любви одной природа нас на свет произвела', NULL, 0, 0, NULL),
(273, '2019-10-19 05:11:52', '2019-10-19 05:11:52', 'знать 3 языка, ненужная роскошь', NULL, 0, 0, NULL),
(274, '2019-10-19 05:11:52', '2019-10-19 05:11:52', 'счастье удел потомков', NULL, 0, 0, NULL),
(275, '2019-10-19 05:11:52', '2019-10-19 05:11:52', 'на том свете жить скучно', NULL, 0, 0, NULL),
(276, '2019-10-19 05:11:52', '2019-10-19 05:11:52', 'силы противостоять и мудрость покориться', NULL, 0, 0, NULL),
(277, '2019-10-19 05:11:52', '2019-10-19 05:11:52', 'сырое пятно на асвальте реальности', NULL, 0, 0, NULL),
(278, '2019-10-19 05:11:52', '2019-10-19 05:11:52', 'судьба злодейка забирает лучших', NULL, 0, 0, NULL),
(279, '2019-10-19 05:11:52', '2019-10-19 05:11:52', 'без времени покинувший', NULL, 0, 0, NULL),
(280, '2019-10-19 05:11:52', '2019-10-19 05:11:52', 'волос длинный, ум короткий', NULL, 0, 0, NULL),
(281, '2019-10-19 05:11:52', '2019-10-19 05:11:52', 'лучше быть главным в аду, чем падшим в раю', NULL, 0, 0, NULL),
(282, '2019-10-19 05:11:52', '2019-10-19 05:11:52', 'одиночество страшная штука', NULL, 0, 0, NULL),
(283, '2019-10-19 05:11:52', '2019-10-19 05:11:52', 'едва начав жить мы становимся скучны, серы, неинтересны, ленивы, равнодушны, бесполезны и несчастны', NULL, 0, 0, NULL),
(284, '2019-10-19 05:11:52', '2019-10-19 05:11:52', 'страсть это пуля в начале своего развития', NULL, 0, 0, NULL),
(285, '2019-10-19 05:11:52', '2019-10-19 05:11:52', 'спокойная река начинается с шумного родника, но не скачет до самого моря', NULL, 0, 0, NULL),
(286, '2019-10-19 05:11:52', '2019-10-19 05:11:52', 'спокойствие признак силы', NULL, 0, 0, NULL),
(287, '2019-10-19 05:11:52', '2019-10-19 05:11:52', 'беспокойная потребность любви мучает нас в молодости', NULL, 0, 0, NULL),
(288, '2019-10-19 05:11:52', '2019-10-19 05:11:52', 'форма идеи действие', NULL, 0, 0, NULL),
(289, '2019-10-19 05:11:52', '2019-10-19 05:11:52', 'как постоянный зной иссушает землю, так и наслаждение без страданий иссушают душу', NULL, 0, 0, NULL),
(290, '2019-10-19 05:11:52', '2019-10-19 05:11:52', 'человек только в высшем состоянии самопознания может оценить правосудие бога', NULL, 0, 0, NULL),
(291, '2019-10-19 05:11:52', '2019-10-19 05:11:52', 'секрет бесконечной страсти в невозможности достичь цели', NULL, 0, 0, NULL),
(292, '2019-10-19 05:11:52', '2019-10-19 05:11:52', 'быть причиной страданий или радости это сладкая пища нашей гордости', NULL, 0, 0, NULL),
(293, '2019-10-19 05:11:52', '2019-10-19 05:11:52', 'счастье это насыщенная гордость', NULL, 0, 0, NULL),
(294, '2019-10-19 05:11:52', '2019-10-19 05:11:52', 'зло порождает зло', NULL, 0, 0, NULL),
(295, '2019-10-19 05:11:52', '2019-10-19 05:11:52', 'гений будучи бюрократом умрет или сойдет с ума', NULL, 0, 0, NULL),
(296, '2019-10-19 05:15:21', '2019-10-19 05:15:21', 'человек часто смеется над добрым и хорошим от легкомыслия', NULL, 0, 0, NULL),
(297, '2019-10-19 05:15:21', '2019-10-19 05:15:21', 'Человек должен трудиться в этом смысл жизни чехов три сестры', NULL, 0, 0, NULL),
(298, '2019-10-19 05:15:21', '2019-10-19 05:15:21', 'в иерархической системе каждый может подняться до уровня своей некомпетентности', NULL, 0, 0, NULL),
(299, '2019-10-19 05:15:21', '2019-10-19 05:15:21', 'колхоз дело добровольное', NULL, 0, 0, NULL),
(300, '2019-10-19 05:15:21', '2019-10-19 05:15:21', 'если хочешь быть здоровым ешь один и в темноте', NULL, 0, 0, NULL),
(301, '2019-10-19 05:15:21', '2019-10-19 05:15:21', 'лучший способ победить в драке избежать ее', NULL, 0, 0, NULL),
(302, '2019-10-19 05:15:21', '2019-10-19 05:15:21', 'быстрые ноги кулаков небоятся', NULL, 0, 0, NULL),
(303, '2019-10-19 05:15:21', '2019-10-19 05:15:21', 'вовремя сдриснуть тоже подвиг', NULL, 0, 0, NULL),
(304, '2019-10-19 05:15:21', '2019-10-19 05:15:21', 'девушка достигшая возраста согласия', NULL, 0, 0, NULL),
(305, '2019-10-19 05:15:21', '2019-10-19 05:15:21', 'с утра пьют аристократы или дегенераты', NULL, 0, 0, NULL),
(306, '2019-10-19 05:15:22', '2019-10-19 05:15:22', 'советы нужно воспринимать практично', NULL, 0, 0, NULL),
(307, '2019-10-19 05:15:22', '2019-10-19 05:15:22', 'при первой встрече люди часто надевают маски, чтобы казаться лучше', NULL, 0, 0, NULL),
(308, '2019-10-19 05:15:22', '2019-10-19 05:15:22', 'эффект обманутых ожиданий', NULL, 0, 0, NULL),
(309, '2019-10-19 05:15:22', '2019-10-19 05:15:22', 'как можно убить непобедимого. только если он сам этого захочет', NULL, 0, 0, NULL),
(310, '2019-10-19 05:15:22', '2019-10-19 05:15:22', 'нельзя добиться могущества не замарав руки', NULL, 0, 0, NULL),
(311, '2019-10-19 05:15:22', '2019-10-19 05:15:22', 'самая сложная способность умение ждать', NULL, 0, 0, NULL),
(312, '2019-10-19 05:15:22', '2019-10-19 05:15:22', 'хороший фокусник не раскрывает своих секретов', NULL, 0, 0, NULL),
(313, '2019-10-19 05:15:22', '2019-10-19 05:15:22', 'никогда ничего не просите, особенно у тех кто сильнее вас. сами увидят и сами дадут', NULL, 0, 0, NULL),
(314, '2019-10-19 05:15:22', '2019-10-19 05:15:22', 'есть в этом какая то двусмысленность', NULL, 0, 0, NULL),
(315, '2019-10-19 05:15:22', '2019-10-19 05:15:22', 'ответственность за людей подразумевает жертвенность', NULL, 0, 0, NULL),
(316, '2019-10-19 05:15:22', '2019-10-19 05:15:22', 'когда незнаешь что делать, наступает время бухать', NULL, 0, 0, NULL),
(317, '2019-10-19 05:15:22', '2019-10-19 05:15:22', 'зарабатывать можно на всем', NULL, 0, 0, NULL),
(318, '2019-10-19 05:15:22', '2019-10-19 05:15:22', 'флаги на бастионе', NULL, 0, 0, NULL),
(319, '2019-10-19 05:15:22', '2019-10-19 05:15:22', 'подобное притягивает подобное', NULL, 0, 0, NULL),
(320, '2019-10-19 05:15:22', '2019-10-19 05:15:22', 'на каждое действие существует противодействие, не путать со справедливостью', NULL, 0, 0, NULL),
(321, '2019-10-19 05:15:22', '2019-10-19 05:15:22', 'лучше сделать и знать что неполучилось, чем оставаться в невединии', NULL, 0, 0, NULL),
(322, '2019-10-19 05:15:22', '2019-10-19 05:15:22', 'ожидание очень сложное испытание', NULL, 0, 0, NULL),
(323, '2019-10-19 05:15:22', '2019-10-19 05:15:22', 'гладко было на бумаге, да забыли про овраги', NULL, 0, 0, NULL),
(324, '2019-10-19 05:15:22', '2019-10-19 05:15:22', 'хочешь сделать человеку хорошо, сделай плохо, а потом верни как было', NULL, 0, 0, NULL),
(325, '2019-10-19 05:20:28', '2019-10-19 05:20:28', 'у нашего мозга есть мы', NULL, 0, 0, NULL),
(326, '2019-10-19 05:20:28', '2019-10-19 05:20:28', '10000 часов для професионального навыка', NULL, 0, 0, NULL),
(327, '2019-10-19 05:20:28', '2019-10-19 05:20:28', 'все что мы помнми это ложные воспоминания', NULL, 0, 0, NULL),
(328, '2019-10-19 05:20:29', '2019-10-19 05:20:29', 'наш мозг не помнит все, только фрагменты', NULL, 0, 0, NULL),
(329, '2019-10-19 05:20:29', '2019-10-19 05:20:29', 'продолжительность мысли 3 секунды', NULL, 0, 0, NULL),
(330, '2019-10-19 05:20:29', '2019-10-19 05:20:29', 'любая вещь которая происходит в подсознании будет полностью объяснена без противоречий', NULL, 0, 0, NULL),
(331, '2019-10-19 05:20:29', '2019-10-19 05:20:29', 'мы думаем когда не думаем', NULL, 0, 0, NULL),
(332, '2019-10-19 05:20:29', '2019-10-19 05:20:29', 'формализовать хаос текущего мира', NULL, 0, 0, NULL),
(333, '2019-10-19 05:20:29', '2019-10-19 05:20:29', 'в человеке говорят 150 человек', NULL, 0, 0, NULL),
(334, '2019-10-19 05:20:29', '2019-10-19 05:20:29', 'в обход сознания', NULL, 0, 0, NULL),
(335, '2019-10-19 05:20:29', '2019-10-19 05:20:29', 'научиться понимать подсознание', NULL, 0, 0, NULL),
(336, '2019-10-19 05:20:29', '2019-10-19 05:20:29', 'разные точки приложения', NULL, 0, 0, NULL),
(337, '2019-10-19 05:20:29', '2019-10-19 05:20:29', 'самая большая часть работы подготовительная', NULL, 0, 0, NULL),
(338, '2019-10-19 05:20:29', '2019-10-19 05:20:29', 'у мозга должны быть ресурсы из которых он сможет собрать то произведение над котором мы работаем', NULL, 0, 0, NULL),
(339, '2019-10-19 05:20:29', '2019-10-19 05:20:29', 'любовь придумана культурой', NULL, 0, 0, NULL),
(340, '2019-10-19 05:20:29', '2019-10-19 05:20:29', 'небыло в деревне никакой любви', NULL, 0, 0, NULL),
(341, '2019-10-19 05:20:29', '2019-10-19 05:20:29', 'семья строиться на стадном инстинкте, а не на половом (ролан барт)', NULL, 0, 0, NULL),
(342, '2019-10-19 05:20:29', '2019-10-19 05:20:29', 'на половом инстинкте браки держаться в среднем не более 3 лет', NULL, 0, 0, NULL),
(343, '2019-10-19 05:20:29', '2019-10-19 05:20:29', 'хорошие шутки не повторяются', NULL, 0, 0, NULL),
(344, '2019-10-19 05:20:29', '2019-10-19 05:20:29', 'уволиться дело нехитрое, а уволиться без отработки задачка со звездочкой', NULL, 0, 0, NULL),
(345, '2019-10-19 05:20:29', '2019-10-19 05:20:29', 'славится буквоедством', NULL, 0, 0, NULL),
(346, '2019-10-19 05:20:29', '2019-10-19 05:20:29', 'человеческая психика одновременно сложный и простой механизм. главное знать куда надавить', NULL, 0, 0, NULL),
(347, '2019-10-19 05:20:29', '2019-10-19 05:20:29', 'приберись, без фанатизма', NULL, 0, 0, NULL),
(348, '2019-10-19 05:20:29', '2019-10-19 05:20:29', 'он уже был расположен к филосовской беседе', NULL, 0, 0, NULL),
(349, '2019-10-19 05:20:29', '2019-10-19 05:20:29', 'любовь как меховая шапка у всех есть но не увсех настоящая', NULL, 0, 0, NULL),
(350, '2019-10-19 05:20:29', '2019-10-19 05:20:29', 'у всех начальников есть свой пунктик', NULL, 0, 0, NULL),
(351, '2019-10-19 05:20:29', '2019-10-19 05:20:29', 'кто понял жизнь тот не спешит', NULL, 0, 0, NULL),
(352, '2019-10-19 05:20:29', '2019-10-19 05:20:29', 'таких друзей за хвост и в музей', NULL, 0, 0, NULL),
(353, '2019-10-19 05:20:29', '2019-10-19 05:20:29', 'пытался прикинутся продолжением кухонного гарнитура', NULL, 0, 0, NULL),
(354, '2019-10-19 05:20:29', '2019-10-19 05:20:29', 'богатство в разнообразии', NULL, 0, 0, NULL),
(355, '2019-10-19 05:20:29', '2019-10-19 05:20:29', 'одни и те де упражнения заставляют организм приспосабливаться, а не развиваться', NULL, 0, 0, NULL),
(356, '2019-10-19 05:20:29', '2019-10-19 05:20:29', 'бытие определяет сознание', NULL, 0, 0, NULL),
(357, '2019-10-19 05:20:29', '2019-10-19 05:20:29', 'не вырастают в неблагополучных семьях академики', NULL, 0, 0, NULL),
(358, '2019-10-19 05:20:29', '2019-10-19 05:20:29', 'при устройстве человека в государственные структуры все человеческое заменяется уставом и бюрократией', NULL, 0, 0, NULL),
(359, '2019-10-19 05:20:29', '2019-10-19 05:20:29', 'чтоб родители моих детей так жили', NULL, 0, 0, NULL),
(360, '2019-10-19 05:20:29', '2019-10-19 05:20:29', 'простота хуже воровства', NULL, 0, 0, NULL),
(361, '2019-10-19 05:20:29', '2019-10-19 05:20:29', 'любопытные долго не живут', NULL, 0, 0, NULL),
(362, '2019-10-19 05:20:29', '2019-10-19 05:20:29', 'умение вести себя в сложной ситуации наиболее ценное чему может научиться человекю с этим не рождаются, а развивают с опытом', NULL, 0, 0, NULL),
(363, '2019-10-19 05:20:29', '2019-10-19 05:20:29', 'было бы странно, окажись все просто', NULL, 0, 0, NULL),
(364, '2019-10-19 05:20:29', '2019-10-19 05:20:29', 'не в правилах джентельмена бросить девушку до совращения', NULL, 0, 0, NULL),
(365, '2019-10-19 05:20:29', '2019-10-19 05:20:29', 'во всём нужно видеть положительные стороны', NULL, 0, 0, NULL),
(366, '2019-10-19 05:24:23', '2019-10-19 05:24:23', 'фарш невозможно перевернуть назад', NULL, 0, 0, NULL),
(367, '2019-10-19 05:24:23', '2019-10-19 05:24:23', 'лучшая инвестиция это вложения в себя', NULL, 0, 0, NULL),
(368, '2019-10-19 05:24:23', '2019-10-19 05:24:23', 'что то кончается что то начинается', NULL, 0, 0, NULL),
(369, '2019-10-19 05:24:23', '2019-10-19 05:24:23', 'второй стакан пива никогда не будет вкуснее первого', NULL, 0, 0, NULL),
(370, '2019-10-19 05:24:23', '2019-10-19 05:24:23', 'каждый тянет одеяло на себя это закон жизни', NULL, 0, 0, NULL),
(371, '2019-10-19 05:24:23', '2019-10-19 05:24:23', 'сигареты маленькие солдатики смерти', NULL, 0, 0, NULL),
(372, '2019-10-19 05:24:23', '2019-10-19 05:24:23', 'из легких вин только водка, а из цитрусовых только лук репчатый', NULL, 0, 0, NULL),
(373, '2019-10-19 05:24:23', '2019-10-19 05:24:23', 'судествует 3 вида сюрпризов: приятные, неприятные и обескураживающие которые в бущем может стать любым из первых двух', NULL, 0, 0, NULL),
(374, '2019-10-19 05:24:23', '2019-10-19 05:24:23', 'сумашедшие есть везде, но только в психушке это бросается в глаза', NULL, 0, 0, NULL),
(375, '2019-10-19 05:24:23', '2019-10-19 05:24:23', 'неизбежное это то чего нельзя избежать, остается лишь спокойно встретить и достойно ответить', NULL, 0, 0, NULL),
(376, '2019-10-19 05:24:24', '2019-10-19 05:24:24', 'у моментов счастья один недостаток они заканчиваются', NULL, 0, 0, NULL),
(377, '2019-10-19 05:24:24', '2019-10-19 05:24:24', 'пословица честность лучшая политика, далека от жизни', NULL, 0, 0, NULL),
(378, '2019-10-19 05:24:24', '2019-10-19 05:24:24', 'сделал добро - беги', NULL, 0, 0, NULL),
(379, '2019-10-19 05:24:24', '2019-10-19 05:24:24', 'если хочешь увидеть грязь обязательно увидишь', NULL, 0, 0, NULL),
(380, '2019-10-19 05:24:24', '2019-10-19 05:24:24', 'во времена нанотехнологий автомобильные заторы убивают', NULL, 0, 0, NULL),
(381, '2019-10-19 05:24:24', '2019-10-19 05:24:24', 'от осинки не вырастут апельсинки', NULL, 0, 0, NULL),
(382, '2019-10-19 05:24:24', '2019-10-19 05:24:24', 'дети неосознано копируют поведение родителей', NULL, 0, 0, NULL),
(383, '2019-10-19 05:24:24', '2019-10-19 05:24:24', 'хочешь воспитать ребенка начни с себя', NULL, 0, 0, NULL),
(384, '2019-10-19 05:24:24', '2019-10-19 05:24:24', 'с шантажистами переговоров не ведут', NULL, 0, 0, NULL),
(385, '2019-10-19 05:24:24', '2019-10-19 05:24:24', 'всегда мечтал начать день с кружки пива', NULL, 0, 0, NULL),
(386, '2019-10-19 05:24:24', '2019-10-19 05:24:24', 'русские больше других боятся перехвалить, чтоб не сглазить', NULL, 0, 0, NULL),
(387, '2019-10-19 05:24:24', '2019-10-19 05:24:24', 'слухи на то и слухи, а жизни я красивее', NULL, 0, 0, NULL),
(388, '2019-10-19 05:24:24', '2019-10-19 05:24:24', 'обычное дело везение и чудовищаная харизма', NULL, 0, 0, NULL),
(389, '2019-10-19 05:24:24', '2019-10-19 05:24:24', 'понимание низших выше высших', NULL, 0, 0, NULL),
(390, '2019-10-19 05:24:24', '2019-10-19 05:24:24', 'мы социальные животные', NULL, 0, 0, NULL),
(391, '2019-10-19 05:24:24', '2019-10-19 05:24:24', 'когда мы общаемся с человеком, мы общаемся с образом который мы создали', NULL, 0, 0, NULL),
(392, '2019-10-19 05:24:24', '2019-10-19 05:24:24', 'обстоятельства кардинально меняют рисунок нашего поведения', NULL, 0, 0, NULL),
(393, '2019-10-19 05:24:24', '2019-10-19 05:24:24', 'осмысление смысла действий', NULL, 0, 0, NULL),
(394, '2019-10-19 05:24:24', '2019-10-19 05:24:24', 'в иерархиии мы всегда можем расти', NULL, 0, 0, NULL),
(395, '2019-10-19 05:24:24', '2019-10-19 05:24:24', 'загружая дефолтную систему мозга', NULL, 0, 0, NULL),
(396, '2019-10-19 05:24:24', '2019-10-19 05:24:24', 'класификация интроверта некоректна', NULL, 0, 0, NULL),
(397, '2019-10-19 05:24:24', '2019-10-19 05:24:24', 'осознание закономерностей', NULL, 0, 0, NULL),
(398, '2019-10-19 05:24:24', '2019-10-19 05:24:24', 'среда не позволяет сообщить о себе', NULL, 0, 0, NULL),
(399, '2019-10-19 05:24:24', '2019-10-19 05:24:24', 'сложно обнаружить глубину человека', NULL, 0, 0, NULL),
(400, '2019-10-19 05:24:24', '2019-10-19 05:24:24', 'полезен заинтересованный социальный контакт', NULL, 0, 0, NULL),
(401, '2019-10-19 05:24:24', '2019-10-19 05:24:24', 'в нашем жилище следы нашего поведения', NULL, 0, 0, NULL),
(402, '2019-10-19 05:24:24', '2019-10-19 05:24:24', 'конструктор, рефлектор и центрист', NULL, 0, 0, NULL),
(403, '2019-10-19 05:24:24', '2019-10-19 05:24:24', 'отсутствие действительной обратной связи не позволяет увидеть реальность', NULL, 0, 0, NULL),
(404, '2019-10-19 05:24:24', '2019-10-19 05:24:24', 'агресия реакция защиты', NULL, 0, 0, NULL),
(405, '2019-10-19 05:24:24', '2019-10-19 05:24:24', 'противоречит моей картине мира', NULL, 0, 0, NULL),
(406, '2019-10-19 05:24:24', '2019-10-19 05:24:24', 'избыточная агресия', NULL, 0, 0, NULL),
(407, '2019-10-19 05:24:24', '2019-10-19 05:24:24', 'требования к миру и другим людям', NULL, 0, 0, NULL),
(408, '2019-10-19 05:24:24', '2019-10-19 05:24:24', 'тратить силы на реконструкцию ситуации', NULL, 0, 0, NULL),
(409, '2019-10-19 05:24:24', '2019-10-19 05:24:24', 'не пытайтесь переделать других людей', NULL, 0, 0, NULL),
(410, '2019-10-19 05:24:24', '2019-10-19 05:24:24', 'мы все небольшого ума', NULL, 0, 0, NULL),
(411, '2019-10-19 05:24:24', '2019-10-19 05:24:24', 'добрый и злой вешь относительная', NULL, 0, 0, NULL),
(412, '2019-10-19 05:24:24', '2019-10-19 05:24:24', 'лишен социальных связей', NULL, 0, 0, NULL),
(413, '2019-10-19 05:24:24', '2019-10-19 05:24:24', 'альтруизм желание задобрить других людей', NULL, 0, 0, NULL),
(414, '2019-10-19 05:24:24', '2019-10-19 05:24:24', 'застенчивость это страх высказать свое мнение', NULL, 0, 0, NULL),
(415, '2019-10-19 05:24:24', '2019-10-19 05:24:24', 'люди эгоистичны', NULL, 0, 0, NULL),
(416, '2019-10-19 05:24:24', '2019-10-19 05:24:24', 'чувство стыда и вины - разные чувства', NULL, 0, 0, NULL),
(417, '2019-10-19 05:24:24', '2019-10-19 05:24:24', 'чувство вины - галиматья', NULL, 0, 0, NULL),
(418, '2019-10-19 05:24:24', '2019-10-19 05:24:24', 'мы заложники той ситуации в которой находимся', NULL, 0, 0, NULL),
(419, '2019-10-19 05:24:24', '2019-10-19 05:24:24', 'люди требуют от нас соучаствия это работа', NULL, 0, 0, NULL),
(420, '2019-10-19 05:24:24', '2019-10-19 05:24:24', 'эмпатия - нет способа замерить это явление', NULL, 0, 0, NULL),
(421, '2019-10-19 05:24:24', '2019-10-19 05:24:24', 'то что у людей есть сознание это гипотеза', NULL, 0, 0, NULL),
(422, '2019-10-19 05:24:24', '2019-10-19 05:24:24', 'эмпатия чувство безусловного принятия', NULL, 0, 0, NULL),
(423, '2019-10-19 05:24:25', '2019-10-19 05:24:25', 'мы постоянно играем разные социальные роли', NULL, 0, 0, NULL),
(424, '2019-10-19 05:24:25', '2019-10-19 05:24:25', 'чем глубже человек тем меньше он ииграет, а больше остается собой', NULL, 0, 0, NULL),
(425, '2019-10-19 05:28:42', '2019-10-19 05:28:42', 'боль делает сильнее ', NULL, 0, 0, NULL);
INSERT INTO `quotes` (`id`, `created_at`, `updated_at`, `text`, `author_id`, `book_id`, `rating`, `deleted_at`) VALUES
(426, '2019-10-19 05:28:42', '2019-10-19 05:28:42', 'ваш путь не может пройти кто то другой', NULL, 0, 0, NULL),
(427, '2019-10-19 05:28:42', '2019-10-19 05:28:42', 'возраст создает морщины на теле', NULL, 0, 0, NULL),
(428, '2019-10-19 05:28:42', '2019-10-19 05:28:42', 'зрелость когд понимаешь мелочи', NULL, 0, 0, NULL),
(429, '2019-10-19 05:28:42', '2019-10-19 05:28:42', 'не вешать ярлыки на людей', NULL, 0, 0, NULL),
(430, '2019-10-19 05:28:42', '2019-10-19 05:28:42', 'самый опасный враг тот, кто ничего не ценит', NULL, 0, 0, NULL),
(431, '2019-10-19 05:28:42', '2019-10-19 05:28:42', 'правда как бумеранг возвращается назад', NULL, 0, 0, NULL),
(432, '2019-10-19 05:28:42', '2019-10-19 05:28:42', 'успех движение от неудачи к неудаче', NULL, 0, 0, NULL),
(433, '2019-10-19 05:28:42', '2019-10-19 05:28:42', 'не верь словам', NULL, 0, 0, NULL),
(434, '2019-10-19 05:28:42', '2019-10-19 05:28:42', 'оставайся человеком', NULL, 0, 0, NULL),
(435, '2019-10-19 05:28:42', '2019-10-19 05:28:42', 'сильный тот кто помогает слабому стать сильным', NULL, 0, 0, NULL),
(436, '2019-10-19 05:28:43', '2019-10-19 05:28:43', 'выгляди успешным', NULL, 0, 0, NULL),
(437, '2019-10-19 05:28:43', '2019-10-19 05:28:43', 'сомнения - самый страшный враг', NULL, 0, 0, NULL),
(438, '2019-10-19 05:28:43', '2019-10-19 05:28:43', 'учись когда другие спят', NULL, 0, 0, NULL),
(439, '2019-10-19 05:28:43', '2019-10-19 05:28:43', 'перелом сознания', NULL, 0, 0, NULL),
(440, '2019-10-19 05:28:43', '2019-10-19 05:28:43', 'если не изменить мышление события будут дублироваться', NULL, 0, 0, NULL),
(441, '2019-10-19 05:28:43', '2019-10-19 05:28:43', 'чтобы избавиться от вредных привычек придется попотеть', NULL, 0, 0, NULL),
(442, '2019-10-19 05:28:43', '2019-10-19 05:28:43', 'шаг на ступень выше делает счастливее', NULL, 0, 0, NULL),
(443, '2019-10-19 05:28:43', '2019-10-19 05:28:43', 'ввязаться в бой с своими страхами', NULL, 0, 0, NULL),
(444, '2019-10-19 05:28:43', '2019-10-19 05:28:43', 'набраться мужество реализовать свои возможности', NULL, 0, 0, NULL),
(445, '2019-10-19 05:28:43', '2019-10-19 05:28:43', 'не ставить крест на мечте', NULL, 0, 0, NULL),
(446, '2019-10-19 05:28:43', '2019-10-19 05:28:43', 'хватит проживать жизнь', NULL, 0, 0, NULL),
(447, '2019-10-19 05:28:43', '2019-10-19 05:28:43', 'учиться быть находчивым', NULL, 0, 0, NULL),
(448, '2019-10-19 05:28:43', '2019-10-19 05:28:43', 'научиться проигрывать', NULL, 0, 0, NULL),
(449, '2019-10-19 05:28:43', '2019-10-19 05:28:43', 'полностью посвятить себя достижению цели', NULL, 0, 0, NULL),
(450, '2019-10-19 05:28:43', '2019-10-19 05:28:43', 'не слушать критиков вокруг себя', NULL, 0, 0, NULL),
(451, '2019-10-19 05:28:43', '2019-10-19 05:28:43', 'человеческий дух могуч', NULL, 0, 0, NULL),
(452, '2019-10-19 05:28:43', '2019-10-19 05:28:43', 'в человеке уже есть все что ему нужно', NULL, 0, 0, NULL),
(453, '2019-10-19 05:28:43', '2019-10-19 05:28:43', '2 самых важных события когда появляешься на свет и когда понимаешь зачем', NULL, 0, 0, NULL),
(454, '2019-10-19 05:28:43', '2019-10-19 05:28:43', 'поиск возможностей улучшить себя', NULL, 0, 0, NULL),
(455, '2019-10-19 05:28:43', '2019-10-19 05:28:43', 'жить не сотрясая стены мира', NULL, 0, 0, NULL),
(456, '2019-10-19 05:28:43', '2019-10-19 05:28:43', 'историю не только читают но и пишут', NULL, 0, 0, NULL),
(457, '2019-10-19 05:28:43', '2019-10-19 05:28:43', 'гораздо больше мы боимся наших способностей', NULL, 0, 0, NULL),
(458, '2019-10-19 05:28:43', '2019-10-19 05:28:43', 'свет пугает нас больше тьмы', NULL, 0, 0, NULL),
(459, '2019-10-19 05:28:43', '2019-10-19 05:28:43', 'историю пишут люди которые не боятся мечтать', NULL, 0, 0, NULL),
(460, '2019-10-19 05:28:43', '2019-10-19 05:28:43', 'тренировать свое мышление', NULL, 0, 0, NULL),
(461, '2019-10-19 05:28:43', '2019-10-19 05:28:43', 'смотреть на мир сквозь призму своих целей', NULL, 0, 0, NULL),
(462, '2019-10-19 05:28:43', '2019-10-19 05:28:43', 'заставить обстоятельства работать на себя', NULL, 0, 0, NULL),
(463, '2019-10-19 05:28:43', '2019-10-19 05:28:43', 'тот кто пожертвовал малым столько и добьется', NULL, 0, 0, NULL),
(464, '2019-10-19 05:28:43', '2019-10-19 05:28:43', 'дисциплина основная составляющая человека', NULL, 0, 0, NULL),
(465, '2019-10-19 05:28:43', '2019-10-19 05:28:43', 'быть способным заставить себя делать то что должен', NULL, 0, 0, NULL),
(466, '2019-10-19 05:28:43', '2019-10-19 05:28:43', 'через 20 лет больше будешь сожалеть О ТОМ ЧТО НЕ СДЕЛАЛ', NULL, 0, 0, NULL),
(467, '2019-10-19 05:28:43', '2019-10-19 05:28:43', 'мысли начало поступков', NULL, 0, 0, NULL),
(468, '2019-10-19 05:28:43', '2019-10-19 05:28:43', 'просит прощения тот кто дорожит отношениями', NULL, 0, 0, NULL),
(469, '2019-10-19 05:28:43', '2019-10-19 05:28:43', 'любовь можно подарить и она всеравно остается', NULL, 0, 0, NULL),
(470, '2019-10-19 05:28:43', '2019-10-19 05:28:43', 'говорить не думая, то же что стрелять не целясь', NULL, 0, 0, NULL),
(471, '2019-10-19 05:28:43', '2019-10-19 05:28:43', 'самое жестокое раставаться без объяснения', NULL, 0, 0, NULL),
(472, '2019-10-19 05:28:43', '2019-10-19 05:28:43', 'чтобы слушали говори тихо', NULL, 0, 0, NULL),
(473, '2019-10-19 05:28:43', '2019-10-19 05:28:43', 'если сдаться лучше не станет', NULL, 0, 0, NULL),
(474, '2019-10-19 05:28:43', '2019-10-19 05:28:43', 'самое большое удовальствие преодоление трудностей', NULL, 0, 0, NULL),
(475, '2019-10-19 05:28:43', '2019-10-19 05:28:43', 'соперник только ты', NULL, 0, 0, NULL),
(476, '2019-10-19 05:28:43', '2019-10-19 05:28:43', 'рискуй. выиграешь будешь счастливым, проиграешь мудрым', NULL, 0, 0, NULL),
(477, '2019-10-19 05:28:43', '2019-10-19 05:28:43', 'мы обманываемся сами', NULL, 0, 0, NULL),
(478, '2019-10-19 05:28:43', '2019-10-19 05:28:43', 'самые важные слова это молчание', NULL, 0, 0, NULL),
(479, '2019-10-19 05:28:43', '2019-10-19 05:28:43', 'повернувшись к страху лицом мы лишаем его силы', NULL, 0, 0, NULL),
(480, '2019-10-19 05:28:43', '2019-10-19 05:28:43', 'пообещав сдержи слово. никогда никому ничего не обещай', NULL, 0, 0, NULL),
(481, '2019-10-19 05:28:43', '2019-10-19 05:28:43', 'учится то что важно в любое время', NULL, 0, 0, NULL),
(482, '2019-10-19 05:28:43', '2019-10-19 05:28:43', 'я славлю тех кто верует в творца, желаю вам счастливого конца', NULL, 0, 0, NULL),
(483, '2019-10-19 05:28:43', '2019-10-19 05:28:43', 'чтоб в дом к вам ненастные дни не зашли', NULL, 0, 0, NULL),
(484, '2019-10-19 05:28:43', '2019-10-19 05:28:43', 'я ненавижу стол где ем один и ненавижу праздник где я не господин', NULL, 0, 0, NULL),
(485, '2019-10-19 05:28:43', '2019-10-19 05:28:43', 'когда придет невеста в дом смотри сынок на ноги', NULL, 0, 0, NULL),
(486, '2019-10-19 05:28:43', '2019-10-19 05:28:43', 'кто вкусит от древа познаний идеи навек потеряет рай наслажденья', NULL, 0, 0, NULL),
(487, '2019-10-19 05:28:43', '2019-10-19 05:28:43', 'у ног твоей матери находится рай', NULL, 0, 0, NULL),
(488, '2019-10-19 05:28:43', '2019-10-19 05:28:43', 'живи сегодня, а вчера и завтра не так выжны в земном календаре', NULL, 0, 0, NULL),
(489, '2019-10-19 05:28:43', '2019-10-19 05:28:43', 'с утра вином из фиников я пьян', NULL, 0, 0, NULL),
(490, '2019-10-19 05:28:43', '2019-10-19 05:28:43', 'сам улыбайся, но у людей улыбок не ищи', NULL, 0, 0, NULL),
(491, '2019-10-19 05:28:44', '2019-10-19 05:28:44', 'что жизнь - базар', NULL, 0, 0, NULL),
(492, '2019-10-19 05:37:38', '2019-10-19 05:37:38', 'живи осознано', NULL, 0, 0, NULL),
(493, '2019-10-19 05:37:38', '2019-10-19 05:37:38', 'в мире нет абсолютной истины', NULL, 0, 0, NULL),
(494, '2019-10-19 05:37:38', '2019-10-19 05:37:38', 'предстать в непригладном мвете', NULL, 0, 0, NULL),
(495, '2019-10-19 05:37:38', '2019-10-19 05:37:38', 'нет пользы от цели жизни если незнаешь ее вкус', NULL, 0, 0, NULL),
(496, '2019-10-19 05:37:38', '2019-10-19 05:37:38', 'лучше есть пирог, чем рассуждать о нем', NULL, 0, 0, NULL),
(497, '2019-10-19 05:37:38', '2019-10-19 05:37:38', 'все в твоих руках', NULL, 0, 0, NULL),
(498, '2019-10-19 05:37:38', '2019-10-19 05:37:38', 'все проходит пройдет и это', NULL, 0, 0, NULL),
(499, '2019-10-19 05:37:39', '2019-10-19 05:37:39', 'мы не можем закрыть рот вагам своим', NULL, 0, 0, NULL),
(500, '2019-10-19 05:37:39', '2019-10-19 05:37:39', 'иследуй реальность чтобы понять ее', NULL, 0, 0, NULL),
(501, '2019-10-19 05:37:39', '2019-10-19 05:37:39', 'успех зависит от слежующих действий: иследую реальность, не делай поспешных выводов, прими решение,  приняв решение действуй без сомнения, сосреоточься на деййствии, не бойся совершать ошибку', NULL, 0, 0, NULL),
(502, '2019-10-19 05:37:39', '2019-10-19 05:37:39', 'жизнь кулак тяжелый', NULL, 0, 0, NULL),
(503, '2019-10-19 05:37:39', '2019-10-19 05:37:39', 'день смеха, годы слез', NULL, 0, 0, NULL),
(504, '2019-10-19 05:37:39', '2019-10-19 05:37:39', 'все хорошо, все от бога', NULL, 0, 0, NULL),
(505, '2019-10-19 05:37:39', '2019-10-19 05:37:39', 'говорит высокопарные вещи', NULL, 0, 0, NULL),
(506, '2019-10-19 05:37:39', '2019-10-19 05:37:39', 'цель жизни человека в труде', NULL, 0, 0, NULL),
(507, '2019-10-19 05:37:39', '2019-10-19 05:37:39', 'буря которая сдует с общества лень', NULL, 0, 0, NULL),
(508, '2019-10-19 05:37:39', '2019-10-19 05:37:39', 'задумайся о приороде окружающей действительности', NULL, 0, 0, NULL),
(509, '2019-10-19 05:37:39', '2019-10-19 05:37:39', 'ступени и векторы развития цивилизации', NULL, 0, 0, NULL),
(510, '2019-10-19 05:37:39', '2019-10-19 05:37:39', 'лодка движется быстрыми рывками в заданном направлении', NULL, 0, 0, NULL),
(511, '2019-10-19 05:37:39', '2019-10-19 05:37:39', 'главное отрыть новый вектор развития дальше дело техники', NULL, 0, 0, NULL),
(512, '2019-10-19 05:37:39', '2019-10-19 05:37:39', 'покатал мысль из одного полушария в другое и она понравилась', NULL, 0, 0, NULL),
(513, '2019-10-19 05:37:39', '2019-10-19 05:37:39', 'почему люди такие злые?', NULL, 0, 0, NULL),
(514, '2019-10-19 05:37:39', '2019-10-19 05:37:39', 'лечу импотенцию на растоянии', NULL, 0, 0, NULL),
(515, '2019-10-19 05:37:39', '2019-10-19 05:37:39', 'нельзя существует только для тех кто спрашивает', NULL, 0, 0, NULL),
(516, '2019-10-19 05:37:39', '2019-10-19 05:37:39', 'не суетись под клиентом', NULL, 0, 0, NULL),
(517, '2019-10-19 05:37:39', '2019-10-19 05:37:39', 'малыш заигрался в солдатиков', NULL, 0, 0, NULL),
(518, '2019-10-19 05:37:39', '2019-10-19 05:37:39', 'одних женщин хочется добиться, других забыть', NULL, 0, 0, NULL),
(519, '2019-10-19 05:37:39', '2019-10-19 05:37:39', 'ничто так не бесит женщину, как все', NULL, 0, 0, NULL),
(520, '2019-10-19 05:37:39', '2019-10-19 05:37:39', 'война войной, а обед по расписанию', NULL, 0, 0, NULL),
(521, '2019-10-19 05:37:39', '2019-10-19 05:37:39', 'я просто не пойму в чем подвох', NULL, 0, 0, NULL),
(522, '2019-10-19 05:37:39', '2019-10-19 05:37:39', 'кто поспел того и съели', NULL, 0, 0, NULL),
(523, '2019-10-19 05:37:39', '2019-10-19 05:37:39', 'перешептывание в курилке стало нормой', NULL, 0, 0, NULL),
(524, '2019-10-19 05:37:39', '2019-10-19 05:37:39', 'он испытал определенное злорадство', NULL, 0, 0, NULL),
(525, '2019-10-19 05:37:39', '2019-10-19 05:37:39', 'успешно парировала колкости', NULL, 0, 0, NULL),
(526, '2019-10-19 05:37:39', '2019-10-19 05:37:39', 'харктер экстремально нордический, полный отморозок', NULL, 0, 0, NULL),
(527, '2019-10-19 05:37:39', '2019-10-19 05:37:39', 'разум без отваги свойство женщины, отвага без разума свойство скотины', NULL, 0, 0, NULL),
(528, '2019-10-19 05:37:39', '2019-10-19 05:37:39', 'он будет убит, но сначала унижен и разорен', NULL, 0, 0, NULL),
(529, '2019-10-19 05:37:39', '2019-10-19 05:37:39', 'то что посеешь, потом фиг найдешь', NULL, 0, 0, NULL),
(530, '2019-10-19 05:37:39', '2019-10-19 05:37:39', 'со мной у них давно и без взаимности', NULL, 0, 0, NULL),
(531, '2019-10-19 05:37:39', '2019-10-19 05:37:39', 'лучший подарок, подарок сделанный своими руками поэтому дарю всем фигу', NULL, 0, 0, NULL),
(532, '2019-10-19 05:37:39', '2019-10-19 05:37:39', 'четыре глаза с очками, и не в одном совести', NULL, 0, 0, NULL),
(533, '2019-10-19 05:37:39', '2019-10-19 05:37:39', 'уходи по английски, не надо когда пошлют по русски', NULL, 0, 0, NULL),
(534, '2019-10-19 05:37:39', '2019-10-19 05:37:39', 'чем мешье совести, тем больше остального', NULL, 0, 0, NULL),
(535, '2019-10-19 05:37:39', '2019-10-19 05:37:39', 'будешь много знать не успеешь состариться', NULL, 0, 0, NULL),
(536, '2019-10-19 05:37:39', '2019-10-19 05:37:39', 'не для того мы взбирались на вершину пищевой пирамиды, чтобы быть вегатарианцами', NULL, 0, 0, NULL),
(537, '2019-10-19 05:37:39', '2019-10-19 05:37:39', 'в принципе я могу не пить, но уменя нет такого принципа', NULL, 0, 0, NULL),
(538, '2019-10-19 05:37:39', '2019-10-19 05:37:39', 'водка смягчает шок', NULL, 0, 0, NULL),
(539, '2019-10-19 05:37:39', '2019-10-19 05:37:39', 'не превращай обогащении в смысл жизни', NULL, 0, 0, NULL),
(540, '2019-10-19 05:37:39', '2019-10-19 05:37:39', 'кто не хочет быть богом. особенно когда денег больше чем можешь потратить', NULL, 0, 0, NULL),
(541, '2019-10-19 05:37:39', '2019-10-19 05:37:39', 'не можете сказать точно дайте приближенные данные', NULL, 0, 0, NULL),
(542, '2019-10-19 05:37:39', '2019-10-19 05:37:39', 'пузырьки адреналина бурлят в крови', NULL, 0, 0, NULL),
(543, '2019-10-19 05:37:39', '2019-10-19 05:37:39', 'если человек хочет жить даже медицина бессильна', NULL, 0, 0, NULL),
(544, '2019-10-19 05:37:39', '2019-10-19 05:37:39', 'готовность и умение применить оружие творят чудеса с самооценкой', NULL, 0, 0, NULL),
(545, '2019-10-19 05:37:39', '2019-10-19 05:37:39', 'сместился фокус восприятия', NULL, 0, 0, NULL),
(546, '2019-10-19 05:37:39', '2019-10-19 05:37:39', 'добро поставит зло на колени и зверски убьет', NULL, 0, 0, NULL),
(547, '2019-10-19 05:37:39', '2019-10-19 05:37:39', 'нам бы врагов рубать, да водку пьянствовать', NULL, 0, 0, NULL),
(548, '2019-10-19 05:37:39', '2019-10-19 05:37:39', 'доброе дело не остается безнаказанным', NULL, 0, 0, NULL),
(549, '2019-10-19 05:37:39', '2019-10-19 05:37:39', 'не рой другому яму, пусть сам роет', NULL, 0, 0, NULL),
(550, '2019-10-19 05:37:39', '2019-10-19 05:37:39', 'не филонить, работать дружно и весело', NULL, 0, 0, NULL),
(551, '2019-10-19 05:37:39', '2019-10-19 05:37:39', 'помог другому, отойди в сторону', NULL, 0, 0, NULL),
(552, '2019-10-19 05:37:39', '2019-10-19 05:37:39', 'исковеркал  судьбу для собственной корысти', NULL, 0, 0, NULL),
(553, '2019-10-19 05:37:40', '2019-10-19 05:37:40', 'хочу лично убедиться что не в деньгах счастье', NULL, 0, 0, NULL),
(554, '2019-10-19 05:37:40', '2019-10-19 05:37:40', 'этот вопрос, немного неуместен', NULL, 0, 0, NULL),
(555, '2019-10-19 05:37:40', '2019-10-19 05:37:40', 'пьяная змея ползает прямо', NULL, 0, 0, NULL),
(556, '2019-10-19 05:37:40', '2019-10-19 05:37:40', 'раздевай и властвуй', NULL, 0, 0, NULL),
(557, '2019-10-19 05:37:40', '2019-10-19 05:37:40', 'чем бы дитя не тешилось лишь бы не вешалось', NULL, 0, 0, NULL),
(558, '2019-10-19 05:37:40', '2019-10-19 05:37:40', 'не будить до поры спящую собаку', NULL, 0, 0, NULL),
(559, '2019-10-19 05:37:40', '2019-10-19 05:37:40', 'в который раз решил не усложнять', NULL, 0, 0, NULL),
(560, '2019-10-19 05:37:40', '2019-10-19 05:37:40', 'чистая совесть признак плохой памяти', NULL, 0, 0, NULL),
(561, '2019-10-19 05:37:40', '2019-10-19 05:37:40', 'в каждом человеке живет кто то другой', NULL, 0, 0, NULL),
(562, '2019-10-19 05:37:40', '2019-10-19 05:37:40', 'попав в тиски обстоятельств человек сбрасывает с себя шелуху гуманизма', NULL, 0, 0, NULL),
(563, '2019-10-19 05:37:40', '2019-10-19 05:37:40', 'человек быстро привыкает убивать', NULL, 0, 0, NULL),
(564, '2019-10-19 05:37:40', '2019-10-19 05:37:40', 'на волне патриотизма массы людей добровольно убивают друг друга', NULL, 0, 0, NULL),
(565, '2019-10-19 05:37:40', '2019-10-19 05:37:40', 'пропагандисткая машина не заботится что бы мотивация была естественной', NULL, 0, 0, NULL),
(566, '2019-10-19 05:37:40', '2019-10-19 05:37:40', 'все дело в естественности', NULL, 0, 0, NULL),
(567, '2019-10-19 05:37:40', '2019-10-19 05:37:40', 'каждый сам должен решить хочет ли он быть хищником', NULL, 0, 0, NULL),
(568, '2019-10-19 05:37:40', '2019-10-19 05:37:40', 'восторг победителя ничем не заменить', NULL, 0, 0, NULL),
(569, '2019-10-19 05:37:40', '2019-10-19 05:37:40', 'иллюзия это реальность вызванная отсутствием алкоголя в крови', NULL, 0, 0, NULL),
(570, '2019-10-19 05:37:40', '2019-10-19 05:37:40', 'на верху всегда кто то сильный и соваться в его дела занятие малоприятное', NULL, 0, 0, NULL),
(571, '2019-10-19 05:37:40', '2019-10-19 05:37:40', 'прикрываясь красивыми словами повелители пьют кровь обывателей и процветают', NULL, 0, 0, NULL),
(572, '2019-10-19 05:37:40', '2019-10-19 05:37:40', 'научись ходить по чужим головам', NULL, 0, 0, NULL),
(573, '2019-10-19 05:37:40', '2019-10-19 05:37:40', 'все скрывают что делают все ради собственной корысти', NULL, 0, 0, NULL),
(574, '2019-10-19 05:37:40', '2019-10-19 05:37:40', 'серая лошадка в команде', NULL, 0, 0, NULL),
(575, '2019-10-19 05:37:40', '2019-10-19 05:37:40', 'если ниндзя знает о засаде, он не выходит из дома', NULL, 0, 0, NULL),
(576, '2019-10-19 05:37:40', '2019-10-19 05:37:40', 'одна голова хорошо, а с телом лучше', NULL, 0, 0, NULL),
(577, '2019-10-19 05:37:40', '2019-10-19 05:37:40', 'в нашем заведении попрошу без пирокинеза', NULL, 0, 0, NULL),
(578, '2019-10-19 05:37:40', '2019-10-19 05:37:40', 'небольшой конфликт интересов', NULL, 0, 0, NULL),
(579, '2019-10-19 05:37:40', '2019-10-19 05:37:40', 'приветствую стриптиз и публичный секс', NULL, 0, 0, NULL),
(580, '2019-10-19 05:37:40', '2019-10-19 05:37:40', 'никакое моральное удовольствие, не сравнится с аморальным', NULL, 0, 0, NULL),
(581, '2019-10-19 05:37:40', '2019-10-19 05:37:40', 'хорошие девочки просто не попадались', NULL, 0, 0, NULL),
(582, '2019-10-19 05:37:40', '2019-10-19 05:37:40', 'кто не отвечает гневом на гнев, спасает и себя и собеседника', NULL, 0, 0, NULL),
(583, '2019-10-19 05:37:40', '2019-10-19 05:37:40', 'будущее пока не определено', NULL, 0, 0, NULL),
(584, '2019-10-19 05:37:40', '2019-10-19 05:37:40', 'их сила это их слабость', NULL, 0, 0, NULL),
(585, '2019-10-19 05:37:40', '2019-10-19 05:37:40', 'новые знания лежат перед нами', NULL, 0, 0, NULL),
(586, '2019-10-19 05:37:40', '2019-10-19 05:37:40', 'сначала возись с ним, а потом никакой благодарности', NULL, 0, 0, NULL),
(587, '2019-10-19 05:37:40', '2019-10-19 05:37:40', 'каждый человек по своему волен грабить свободное время', NULL, 0, 0, NULL),
(588, '2019-10-19 05:37:40', '2019-10-19 05:37:40', 'тактика женщины обвинить во всем мужчину', NULL, 0, 0, NULL),
(589, '2019-10-19 05:37:40', '2019-10-19 05:37:40', 'выбор между любовью и верностью', NULL, 0, 0, NULL),
(590, '2019-10-19 05:37:40', '2019-10-19 05:37:40', 'смерть последняя мобилизация', NULL, 0, 0, NULL),
(591, '2019-10-19 05:37:40', '2019-10-19 05:37:40', 'смерть не приключение', NULL, 0, 0, NULL),
(592, '2019-10-19 05:37:40', '2019-10-19 05:37:40', 'я мыслю, значит существую', NULL, 0, 0, NULL),
(593, '2019-10-19 05:37:40', '2019-10-19 05:37:40', 'последовательное развитие моего я', NULL, 0, 0, NULL),
(594, '2019-10-19 05:37:40', '2019-10-19 05:37:40', 'ты ждешь подвиг добродетели, а в добродетель то и не веришь', NULL, 0, 0, NULL),
(595, '2019-10-19 05:37:40', '2019-10-19 05:37:40', 'брать ворованое не кража', NULL, 0, 0, NULL),
(596, '2019-10-19 05:37:40', '2019-10-19 05:37:40', 'облегчение от того что смерть прошла мимо', NULL, 0, 0, NULL),
(597, '2019-10-19 05:37:40', '2019-10-19 05:37:40', 'они делают все без тени сомнения', NULL, 0, 0, NULL),
(598, '2019-10-19 05:37:40', '2019-10-19 05:37:40', 'только чистый эгоизм', NULL, 0, 0, NULL),
(599, '2019-10-19 05:37:40', '2019-10-19 05:37:40', 'мы обязаны драться, иначе потеряем лицо', NULL, 0, 0, NULL),
(600, '2019-10-19 05:37:40', '2019-10-19 05:37:40', 'конфликт был неизбежен', NULL, 0, 0, NULL),
(601, '2019-10-19 05:37:40', '2019-10-19 05:37:40', 'у меня была справка что я нормальный, но я ее съел', NULL, 0, 0, NULL),
(602, '2019-10-19 05:37:40', '2019-10-19 05:37:40', 'действие равно противодействию', NULL, 0, 0, NULL),
(603, '2019-10-19 05:37:40', '2019-10-19 05:37:40', 'я не враг доброй попойки', NULL, 0, 0, NULL),
(604, '2019-10-19 05:37:40', '2019-10-19 05:37:40', 'интересный собеседник с неожиданными ходами', NULL, 0, 0, NULL),
(605, '2019-10-19 05:37:40', '2019-10-19 05:37:40', 'не раскрывается и не подпускает близко', NULL, 0, 0, NULL),
(606, '2019-10-19 05:37:41', '2019-10-19 05:37:41', 'есть авантюрная жилка', NULL, 0, 0, NULL),
(607, '2019-10-19 05:37:41', '2019-10-19 05:37:41', 'амбициозен, но равнодушен к власти', NULL, 0, 0, NULL),
(608, '2019-10-19 05:37:41', '2019-10-19 05:37:41', 'хочу быть лучше большинства', NULL, 0, 0, NULL),
(609, '2019-10-19 05:37:41', '2019-10-19 05:37:41', 'байкеры либо смелые либо старые, старых и смелых не бывает', NULL, 0, 0, NULL),
(610, '2019-10-19 05:37:41', '2019-10-19 05:37:41', 'вся фигура излучала силу и уверенность', NULL, 0, 0, NULL),
(611, '2019-10-19 05:37:41', '2019-10-19 05:37:41', 'пустые и невполне стерильные полки', NULL, 0, 0, NULL),
(612, '2019-10-19 05:37:41', '2019-10-19 05:37:41', 'мы несем ответственность за тех кого спасли', NULL, 0, 0, NULL),
(613, '2019-10-19 05:37:41', '2019-10-19 05:37:41', 'давай не утрировать', NULL, 0, 0, NULL),
(614, '2019-10-19 05:37:41', '2019-10-19 05:37:41', 'я не обзываю, я констатирую факт', NULL, 0, 0, NULL),
(615, '2019-10-19 05:37:41', '2019-10-19 05:37:41', 'самоуверенность погубила многих и более талантливых', NULL, 0, 0, NULL),
(616, '2019-10-19 05:37:41', '2019-10-19 05:37:41', 'всегда нужно верить что победишь, даже если это кажется невозможным', NULL, 0, 0, NULL),
(617, '2019-10-19 05:37:41', '2019-10-19 05:37:41', 'война это искуство обмана', NULL, 0, 0, NULL),
(618, '2019-10-19 05:37:41', '2019-10-19 05:37:41', 'главная функция друга героя погибнуть, спасая героя', NULL, 0, 0, NULL),
(619, '2019-10-19 05:37:41', '2019-10-19 05:37:41', 'в той или иной степени мы все используем друг друга', NULL, 0, 0, NULL),
(620, '2019-10-19 05:37:41', '2019-10-19 05:37:41', 'женщина как норкоман, если она не получает дозу мужского внимания она стервенеет', NULL, 0, 0, NULL),
(621, '2019-10-19 05:37:41', '2019-10-19 05:37:41', 'сегодня удивить вас, я уже ничем не смогу', NULL, 0, 0, NULL),
(622, '2019-10-19 05:37:41', '2019-10-19 05:37:41', 'в наше время не вчем нельзя быть доконца уверенным', NULL, 0, 0, NULL),
(623, '2019-10-19 05:37:41', '2019-10-19 05:37:41', 'не хочешь обижаться на меня утром, ненужно пить со мной вечером', NULL, 0, 0, NULL),
(624, '2019-10-19 05:39:47', '2019-10-19 05:39:47', 'мыслить масштабно', NULL, 0, 0, NULL),
(625, '2019-10-19 05:39:47', '2019-10-19 05:39:47', 'время и место для создания идеи', NULL, 0, 0, NULL),
(626, '2019-10-19 05:39:47', '2019-10-19 05:39:47', 'страдания имеют смысл если человек растет', NULL, 0, 0, NULL),
(627, '2019-10-19 05:39:47', '2019-10-19 05:39:47', 'счастье это побочный продукт творчества', NULL, 0, 0, NULL),
(628, '2019-10-19 05:39:47', '2019-10-19 05:39:47', 'у меня есть все - жизнь бесмысленна', NULL, 0, 0, NULL),
(629, '2019-10-19 05:39:47', '2019-10-19 05:39:47', 'мы идеализируем свое окружение', NULL, 0, 0, NULL),
(630, '2019-10-19 05:39:47', '2019-10-19 05:39:47', 'длительное повторение переводит навыки в бессознательное', NULL, 0, 0, NULL),
(631, '2019-10-19 05:39:47', '2019-10-19 05:39:47', 'максимальный размер подразделения 150 чел', NULL, 0, 0, NULL),
(632, '2019-10-19 05:39:47', '2019-10-19 05:39:47', 'в большинстве компаний не объективно оценивается вклад человека в дело', NULL, 0, 0, NULL),
(633, '2019-10-19 05:39:47', '2019-10-19 05:39:47', 'большие компании симулируют иновации', NULL, 0, 0, NULL),
(634, '2019-10-19 05:39:47', '2019-10-19 05:39:47', 'не решать по первому впечатлению ', NULL, 0, 0, NULL),
(635, '2019-10-19 05:39:47', '2019-10-19 05:39:47', 'не бояться расти даже если сомневаешься', NULL, 0, 0, NULL),
(636, '2019-10-19 05:39:47', '2019-10-19 05:39:47', 'не рисковать когда убытки', NULL, 0, 0, NULL),
(637, '2019-10-19 05:39:47', '2019-10-19 05:39:47', 'мы боимся перемен', NULL, 0, 0, NULL),
(638, '2019-10-19 05:39:47', '2019-10-19 05:39:47', 'мозг привык к старым шаблонам', NULL, 0, 0, NULL),
(639, '2019-10-19 05:39:47', '2019-10-19 05:39:47', 'где то нас ждет новый сыр', NULL, 0, 0, NULL),
(640, '2019-10-19 05:39:47', '2019-10-19 05:39:47', 'вера в себя творит чудеса (помогая пройтись босиком по горящим углям)', NULL, 0, 0, NULL),
(641, '2019-10-19 05:39:48', '2019-10-19 05:39:48', 'люди разделяются на тех кто любит глазами, ушами и кожей', NULL, 0, 0, NULL),
(642, '2019-10-19 05:39:48', '2019-10-19 05:39:48', 'если он любит ушами, все попытки показать ей что то не  дадут результата', NULL, 0, 0, NULL),
(643, '2019-10-19 05:39:48', '2019-10-19 05:39:48', 'дневной сон быстрая перезарядка', NULL, 0, 0, NULL),
(644, '2019-10-19 05:39:48', '2019-10-19 05:39:48', 'подражать людям чтобы установить контакт', NULL, 0, 0, NULL),
(645, '2019-10-19 05:39:48', '2019-10-19 05:39:48', 'представить свой идеальный день', NULL, 0, 0, NULL),
(646, '2019-10-19 05:39:48', '2019-10-19 05:39:48', 'чтобы вспомнить посмотреть вверх влево', NULL, 0, 0, NULL),
(647, '2019-10-19 05:39:48', '2019-10-19 05:39:48', 'визуальный тип вижу, слуховой слышу, кинестетический чувствую', NULL, 0, 0, NULL),
(648, '2019-10-19 05:39:48', '2019-10-19 05:39:48', 'избегать общих слов', NULL, 0, 0, NULL),
(649, '2019-10-19 05:39:48', '2019-10-19 05:39:48', 'чаще выплнению плана мешает мелкая деталь', NULL, 0, 0, NULL),
(650, '2019-10-19 05:39:48', '2019-10-19 05:39:48', 'выбрать модель для подражания', NULL, 0, 0, NULL),
(651, '2019-10-19 05:39:48', '2019-10-19 05:39:48', 'эффект 100 обезьян', NULL, 0, 0, NULL),
(652, '2019-10-19 05:39:48', '2019-10-19 05:39:48', 'каждый человек имеет свои метапрограммы и чтобы его убедить нужно отталкиваться от них', NULL, 0, 0, NULL),
(653, '2019-10-19 05:39:48', '2019-10-19 05:39:48', 'мы смотрим на события в контексте своего прошлого опыта', NULL, 0, 0, NULL),
(654, '2019-10-19 05:39:48', '2019-10-19 05:39:48', 'наши самые большие проблемы это наши самые большие возможности', NULL, 0, 0, NULL),
(655, '2019-10-19 05:39:48', '2019-10-19 05:39:48', 'путь к жизни лежит через смерть', NULL, 0, 0, NULL),
(656, '2019-10-19 05:45:40', '2019-10-19 05:45:40', 'Официальная версия бред сивой кобылы, знать бы не официальную', NULL, 0, 0, NULL),
(657, '2019-10-19 05:45:40', '2019-10-19 05:45:40', 'не слишком ли затянулся этот фарс?', NULL, 0, 0, NULL),
(658, '2019-10-19 05:45:40', '2019-10-19 05:45:40', 'человек должен гордиться тем, чего достиг и умеет', NULL, 0, 0, NULL),
(659, '2019-10-19 05:45:40', '2019-10-19 05:45:40', 'не всегда нужно прятать голову в песок', NULL, 0, 0, NULL),
(660, '2019-10-19 05:45:40', '2019-10-19 05:45:40', 'если воспринимать все как неприемлемое, вскоре умрешь и сам', NULL, 0, 0, NULL),
(661, '2019-10-19 05:45:40', '2019-10-19 05:45:40', 'баланс не нуждается в направлении', NULL, 0, 0, NULL),
(662, '2019-10-19 05:45:40', '2019-10-19 05:45:40', 'все события в мире стремятся к балансу', NULL, 0, 0, NULL),
(663, '2019-10-19 05:45:40', '2019-10-19 05:45:40', 'сказав заумными словами моя хата скраю, превращаешься из труса в мыслителя', NULL, 0, 0, NULL),
(664, '2019-10-19 05:45:40', '2019-10-19 05:45:40', 'любой бы хотел, да не все решаются', NULL, 0, 0, NULL),
(665, '2019-10-19 05:45:40', '2019-10-19 05:45:40', 'мы делаем то что говорят не видя всей картины в целом и не понимая причинно следственных связей', NULL, 0, 0, NULL),
(666, '2019-10-19 05:45:40', '2019-10-19 05:45:40', 'победа это достижение цели, а не уничтожение врага', NULL, 0, 0, NULL),
(667, '2019-10-19 05:45:40', '2019-10-19 05:45:40', 'боги очешь похожи на людей, без лишней необходимости шевелиться не будут', NULL, 0, 0, NULL),
(668, '2019-10-19 05:45:40', '2019-10-19 05:45:40', 'необходимо подчеркивать свой статус или потеряешь контроль над ситуацией', NULL, 0, 0, NULL),
(669, '2019-10-19 05:45:40', '2019-10-19 05:45:40', 'не могу позволить себе подобного панибратства', NULL, 0, 0, NULL),
(670, '2019-10-19 05:45:40', '2019-10-19 05:45:40', 'во мне прокинулась деловая хватка', NULL, 0, 0, NULL),
(671, '2019-10-19 05:45:40', '2019-10-19 05:45:40', 'тем у кого одна жизнь, или он не знает о других сложнее контролировать свои эмоции', NULL, 0, 0, NULL),
(672, '2019-10-19 05:45:40', '2019-10-19 05:45:40', 'оказавшись перед лицом смерти не все способны сохранить хладнокровие', NULL, 0, 0, NULL),
(673, '2019-10-19 05:45:40', '2019-10-19 05:45:40', 'информация ценна, глупо ее разбазаривать', NULL, 0, 0, NULL),
(674, '2019-10-19 05:45:40', '2019-10-19 05:45:40', 'он по определению не может быть простым', NULL, 0, 0, NULL),
(675, '2019-10-19 05:45:40', '2019-10-19 05:45:40', 'ухватить тайну мира', NULL, 0, 0, NULL),
(676, '2019-10-19 05:45:40', '2019-10-19 05:45:40', 'никому не доверяй, по крайней мере полностью', NULL, 0, 0, NULL),
(677, '2019-10-19 05:45:40', '2019-10-19 05:45:40', 'романтика юности', NULL, 0, 0, NULL),
(678, '2019-10-19 05:45:40', '2019-10-19 05:45:40', 'вечное чувство вины продолжало терзать', NULL, 0, 0, NULL),
(679, '2019-10-19 05:45:40', '2019-10-19 05:45:40', 'коней на переправе не меняют', NULL, 0, 0, NULL),
(680, '2019-10-19 05:45:40', '2019-10-19 05:45:40', 'нельзя пробудить новую черту личности, через монолит бесталанности', NULL, 0, 0, NULL),
(681, '2019-10-19 05:45:40', '2019-10-19 05:45:40', 'нужно развивать то, к чему есть склонность', NULL, 0, 0, NULL),
(682, '2019-10-19 05:45:40', '2019-10-19 05:45:40', 'нас ждут великие дела', NULL, 0, 0, NULL),
(683, '2019-10-19 05:45:40', '2019-10-19 05:45:40', 'если ты не видишь, это не значит что этого нет', NULL, 0, 0, NULL),
(684, '2019-10-19 05:45:40', '2019-10-19 05:45:40', 'порой достигнув какой нибудь высоты мы забываем о том, что осталось внизу, о том кем мы были раньше, чем занимались', NULL, 0, 0, NULL),
(685, '2019-10-19 05:45:40', '2019-10-19 05:45:40', 'в мире не бывает случайностей, все поддается объяснению, но не всегда легко', NULL, 0, 0, NULL),
(686, '2019-10-19 05:45:40', '2019-10-19 05:45:40', 'здесь не город, где все умудряются жить в мире', NULL, 0, 0, NULL),
(687, '2019-10-19 05:45:40', '2019-10-19 05:45:40', 'все мы в чем то безумны', NULL, 0, 0, NULL),
(688, '2019-10-19 05:45:40', '2019-10-19 05:45:40', 'альтруистическое начало радуется возможности сделать доброе дело', NULL, 0, 0, NULL),
(689, '2019-10-19 05:45:40', '2019-10-19 05:45:40', 'игорировать и пропускать лишнее мимо ушей', NULL, 0, 0, NULL),
(690, '2019-10-19 05:45:40', '2019-10-19 05:45:40', 'жестко поставить на место и показать кто в доме хозяин', NULL, 0, 0, NULL),
(691, '2019-10-19 05:45:40', '2019-10-19 05:45:40', 'режим быдло альфа самца', NULL, 0, 0, NULL),
(692, '2019-10-19 05:45:40', '2019-10-19 05:45:40', 'выдал заранее спланированный монолог поддавшись эмоциям', NULL, 0, 0, NULL),
(693, '2019-10-19 05:45:40', '2019-10-19 05:45:40', 'энергия не делится на добрую и злую', NULL, 0, 0, NULL),
(694, '2019-10-19 05:45:40', '2019-10-19 05:45:40', 'жизнь сложная штука', NULL, 0, 0, NULL),
(695, '2019-10-19 05:45:40', '2019-10-19 05:45:40', 'качество выжнее количества', NULL, 0, 0, NULL),
(696, '2019-10-19 05:45:40', '2019-10-19 05:45:40', 'накаркали и мысли материальны синонимы', NULL, 0, 0, NULL),
(697, '2019-10-19 05:45:40', '2019-10-19 05:45:40', 'опоздавшие сами виноваты в своем опоздании', NULL, 0, 0, NULL),
(698, '2019-10-19 05:45:40', '2019-10-19 05:45:40', 'я не садист, просто по другому нельзя', NULL, 0, 0, NULL),
(699, '2019-10-19 05:45:40', '2019-10-19 05:45:40', 'под пытками сознаются рано или поздно', NULL, 0, 0, NULL),
(700, '2019-10-19 05:45:40', '2019-10-19 05:45:40', 'старость никого не красит', NULL, 0, 0, NULL),
(701, '2019-10-19 05:45:40', '2019-10-19 05:45:40', 'слушайте,  и не говорите потом что не слышали', NULL, 0, 0, NULL),
(702, '2019-10-19 05:45:40', '2019-10-19 05:45:40', 'разжег в себе пламя мести, обиды и надежды', NULL, 0, 0, NULL),
(703, '2019-10-19 05:45:40', '2019-10-19 05:45:40', 'евангелия - благая весть', NULL, 0, 0, NULL),
(704, '2019-10-19 05:45:40', '2019-10-19 05:45:40', 'в начале было слово, и слово было бог', NULL, 0, 0, NULL),
(705, '2019-10-19 05:45:40', '2019-10-19 05:45:40', 'ты служил силе, которой даже не понимаешь', NULL, 0, 0, NULL),
(706, '2019-10-19 05:45:41', '2019-10-19 05:45:41', 'система сама создает избранных', NULL, 0, 0, NULL),
(707, '2019-10-19 05:45:41', '2019-10-19 05:45:41', 'самый острый ум ничего не стоит, если не делать мир лучше', NULL, 0, 0, NULL),
(708, '2019-10-19 05:45:41', '2019-10-19 05:45:41', 'иметь сострадание для исцеления мира', NULL, 0, 0, NULL),
(709, '2019-10-19 05:45:41', '2019-10-19 05:45:41', 'самое главное качество для человека - любопытство', NULL, 0, 0, NULL),
(710, '2019-10-19 05:45:41', '2019-10-19 05:45:41', 'от знаний только польза', NULL, 0, 0, NULL),
(711, '2019-10-19 05:45:41', '2019-10-19 05:45:41', 'в этом то вся и беда', NULL, 0, 0, NULL),
(712, '2019-10-19 05:45:41', '2019-10-19 05:45:41', 'нас дразнят потому что мы ведемся', NULL, 0, 0, NULL),
(713, '2019-10-19 05:45:41', '2019-10-19 05:45:41', 'минута погоды не сделает', NULL, 0, 0, NULL),
(714, '2019-10-19 05:45:41', '2019-10-19 05:45:41', 'время учит нас искать свою дорогу', NULL, 0, 0, NULL),
(715, '2019-10-19 05:45:41', '2019-10-19 05:45:41', 'внешность обманчива', NULL, 0, 0, NULL),
(716, '2019-10-19 05:45:41', '2019-10-19 05:45:41', 'и лето отцвело и осень отшумела', NULL, 0, 0, NULL),
(717, '2019-10-19 05:45:41', '2019-10-19 05:45:41', 'самый простой и надежный способ добиться цели, прорубаться напрямую', NULL, 0, 0, NULL),
(718, '2019-10-19 05:45:41', '2019-10-19 05:45:41', 'волков бояться в лес не ходить', NULL, 0, 0, NULL),
(719, '2019-10-19 05:45:41', '2019-10-19 05:45:41', 'когда ты свободен, ты в состояниии исправить ошибки', NULL, 0, 0, NULL),
(720, '2019-10-19 05:45:41', '2019-10-19 05:45:41', 'только маленькие мальчики точят зуб, из-за мелких обид', NULL, 0, 0, NULL),
(721, '2019-10-19 05:45:41', '2019-10-19 05:45:41', 'что было в прошлой жизни, остается там же', NULL, 0, 0, NULL),
(722, '2019-10-19 05:45:41', '2019-10-19 05:45:41', 'выжно то что есть сейчас', NULL, 0, 0, NULL),
(723, '2019-10-19 05:45:41', '2019-10-19 05:45:41', 'нужно быть параноиком способным извлекать максимум из каждой ситуации', NULL, 0, 0, NULL),
(724, '2019-10-19 05:45:41', '2019-10-19 05:45:41', 'я хочу сам выбирать, что делать и за кем идти', NULL, 0, 0, NULL),
(725, '2019-10-19 05:45:41', '2019-10-19 05:45:41', 'запомнить и понять разные вещи ', NULL, 0, 0, NULL),
(726, '2019-10-19 05:45:41', '2019-10-19 05:45:41', 'предаваться воспоминаниям будем на пенсии, если доживем', NULL, 0, 0, NULL),
(727, '2019-10-19 05:45:41', '2019-10-19 05:45:41', 'есть проблема, нужно решить', NULL, 0, 0, NULL),
(728, '2019-10-19 05:45:41', '2019-10-19 05:45:41', 'ка ты к людям, так и люди к тебе', NULL, 0, 0, NULL),
(729, '2019-10-19 05:45:41', '2019-10-19 05:45:41', 'если постоянно бегать от потенциальной опасности силу никогда не приобретешь', NULL, 0, 0, NULL),
(730, '2019-10-19 05:45:41', '2019-10-19 05:45:41', 'опыт просто не достается', NULL, 0, 0, NULL),
(731, '2019-10-19 05:45:41', '2019-10-19 05:45:41', 'трусость и осторожность разные вещи', NULL, 0, 0, NULL),
(732, '2019-10-19 05:45:41', '2019-10-19 05:45:41', 'отдам чуть позже, когда обсудим мою награду', NULL, 0, 0, NULL),
(733, '2019-10-19 05:45:41', '2019-10-19 05:45:41', 'ты думаешь это у меня есть. уверен', NULL, 0, 0, NULL),
(734, '2019-10-19 05:45:41', '2019-10-19 05:45:41', 'черезмерная наглость жизнь не продлевает', NULL, 0, 0, NULL),
(735, '2019-10-19 05:45:41', '2019-10-19 05:45:41', 'а разве это что то меняет', NULL, 0, 0, NULL),
(736, '2019-10-19 05:45:41', '2019-10-19 05:45:41', 'для одних я загадка, для других мрачный зачуханец', NULL, 0, 0, NULL),
(737, '2019-10-19 05:45:41', '2019-10-19 05:45:41', 'хипстерство стало мейстримом', NULL, 0, 0, NULL),
(738, '2019-10-19 05:45:41', '2019-10-19 05:45:41', 'время когда приходится забыть о гостеприимстве и хороших манерах', NULL, 0, 0, NULL),
(739, '2019-10-19 05:45:41', '2019-10-19 05:45:41', 'не очешь ты скромен в своих запросах', NULL, 0, 0, NULL),
(740, '2019-10-19 05:45:41', '2019-10-19 05:45:41', 'иногда приходится идти на крайние меры, чтобы люди не забывались', NULL, 0, 0, NULL),
(741, '2019-10-19 05:45:41', '2019-10-19 05:45:41', 'у богатых свои причуды', NULL, 0, 0, NULL),
(742, '2019-10-19 05:48:17', '2019-10-19 05:48:17', 'Спокойней всех живет тот, кто не рисует выходить из дома', NULL, 0, 0, NULL),
(743, '2019-10-19 05:48:17', '2019-10-19 05:48:17', 'Люблю собирать перспективных людей', NULL, 0, 0, NULL),
(744, '2019-10-19 05:48:17', '2019-10-19 05:48:17', 'главное не оболочка, а широта знаний и опыт', NULL, 0, 0, NULL),
(745, '2019-10-19 05:48:17', '2019-10-19 05:48:17', 'бравый ветеран не станет лишний раз чесать языком', NULL, 0, 0, NULL),
(746, '2019-10-19 05:48:17', '2019-10-19 05:48:17', 'нужно думать над каждым шагом, а не плыть по течению', NULL, 0, 0, NULL),
(747, '2019-10-19 05:48:17', '2019-10-19 05:48:17', 'как старый оценщик, он рассматривал грани моих талантов', NULL, 0, 0, NULL),
(748, '2019-10-19 05:48:17', '2019-10-19 05:48:17', 'чувствую себя вполне комфортно', NULL, 0, 0, NULL),
(749, '2019-10-19 05:48:17', '2019-10-19 05:48:17', 'жизнь вообще штука нечестная', NULL, 0, 0, NULL),
(750, '2019-10-19 05:48:17', '2019-10-19 05:48:17', 'меня восхищает твой оптимизм', NULL, 0, 0, NULL),
(751, '2019-10-19 05:48:17', '2019-10-19 05:48:17', 'я человек фортуны, и я поймаю ее за хвост', NULL, 0, 0, NULL),
(752, '2019-10-19 05:48:17', '2019-10-19 05:48:17', 'ты готов ловить свою фортуну', NULL, 0, 0, NULL),
(753, '2019-10-19 05:48:17', '2019-10-19 05:48:17', 'люди ленивы, они всегда просят больше времени, чем надо', NULL, 0, 0, NULL),
(754, '2019-10-19 05:48:17', '2019-10-19 05:48:17', 'шайка благородных жуликов при полном параде', NULL, 0, 0, NULL),
(755, '2019-10-19 05:48:17', '2019-10-19 05:48:17', 'иногда нужно соответствовать дрескоду мероприятия', NULL, 0, 0, NULL),
(756, '2019-10-19 05:48:17', '2019-10-19 05:48:17', 'человек узнает себя только тогда, когда его лишают свободы', NULL, 0, 0, NULL),
(757, '2019-10-19 05:48:17', '2019-10-19 05:48:17', 'доверять можно только себе', NULL, 0, 0, NULL),
(758, '2019-10-19 05:48:17', '2019-10-19 05:48:17', 'завоевать умы и сердца', NULL, 0, 0, NULL),
(759, '2019-10-19 05:48:17', '2019-10-19 05:48:17', 'стратег человек который любит все контролировать', NULL, 0, 0, NULL),
(760, '2019-10-19 05:48:17', '2019-10-19 05:48:17', 'когнитивный дисонанс', NULL, 0, 0, NULL),
(761, '2019-10-19 05:48:17', '2019-10-19 05:48:17', 'не приходится ломать голову пытаясь понять мотивы собеседника', NULL, 0, 0, NULL),
(762, '2019-10-19 05:48:17', '2019-10-19 05:48:17', 'каждый диалог, как танцы на минном поле', NULL, 0, 0, NULL),
(763, '2019-10-19 05:48:17', '2019-10-19 05:48:17', 'блудный зверь пойман, его удел известен', NULL, 0, 0, NULL),
(764, '2019-10-19 05:48:17', '2019-10-19 05:48:17', 'на сей раз я не стал медлить, я уже взмахнул своим клинком', NULL, 0, 0, NULL),
(765, '2019-10-19 05:48:17', '2019-10-19 05:48:17', 'нынче слелись воедино все половины творения', NULL, 0, 0, NULL),
(766, '2019-10-19 05:48:17', '2019-10-19 05:48:17', 'решение свободное от сентиментальности', NULL, 0, 0, NULL),
(767, '2019-10-19 05:48:17', '2019-10-19 05:48:17', 'от тебя это ускользает', NULL, 0, 0, NULL),
(768, '2019-10-19 05:48:17', '2019-10-19 05:48:17', 'твой довод разумен', NULL, 0, 0, NULL),
(769, '2019-10-19 05:48:17', '2019-10-19 05:48:17', 'это не дар это болезнь', NULL, 0, 0, NULL),
(770, '2019-10-19 05:48:17', '2019-10-19 05:48:17', 'это не жертвы, это культурный геноцид', NULL, 0, 0, NULL),
(771, '2019-10-19 05:48:17', '2019-10-19 05:48:17', 'ты видишь в ее решении нечто временное, а это был рациональный выбор', NULL, 0, 0, NULL),
(772, '2019-10-19 05:48:17', '2019-10-19 05:48:17', 'чтобы защитить невинных, невинные должны умереть', NULL, 0, 0, NULL),
(773, '2019-10-19 05:48:17', '2019-10-19 05:48:17', 'ввергнуть в мрак невежества во имя невинности', NULL, 0, 0, NULL),
(774, '2019-10-19 05:48:17', '2019-10-19 05:48:17', 'памятник забвению', NULL, 0, 0, NULL),
(775, '2019-10-19 05:48:17', '2019-10-19 05:48:17', 'я сумел что смог, дальше задача твоя', NULL, 0, 0, NULL),
(776, '2019-10-19 05:48:17', '2019-10-19 05:48:17', 'a это я оставил тебе', NULL, 0, 0, NULL),
(777, '2019-10-19 05:48:17', '2019-10-19 05:48:17', 'все это твое, а меня сюда не звали', NULL, 0, 0, NULL),
(778, '2019-10-19 05:48:17', '2019-10-19 05:48:17', 'когда люди живут хорошо они всегда чем то недовольны', NULL, 0, 0, NULL),
(779, '2019-10-19 05:48:17', '2019-10-19 05:48:17', 'хватает правой, унижает левой', NULL, 0, 0, NULL),
(780, '2019-10-19 05:48:17', '2019-10-19 05:48:17', 'нотки сарказма, я слышу в голосе твоем', NULL, 0, 0, NULL),
(781, '2019-10-19 05:48:17', '2019-10-19 05:48:17', 'понятно, что ничего не понятно', NULL, 0, 0, NULL),
(782, '2019-10-19 05:48:17', '2019-10-19 05:48:17', 'стань сильнее, и начни покорять этот мир', NULL, 0, 0, NULL),
(783, '2019-10-19 05:48:18', '2019-10-19 05:48:18', 'в этой битве любопытство победило осторожность', NULL, 0, 0, NULL),
(784, '2019-10-19 05:48:18', '2019-10-19 05:48:18', 'ужасами тьму наполняют люди', NULL, 0, 0, NULL),
(785, '2019-10-19 05:48:18', '2019-10-19 05:48:18', 'отринь страх и ты увидишь путь', NULL, 0, 0, NULL),
(786, '2019-10-19 05:48:18', '2019-10-19 05:48:18', 'доверие это глупость', NULL, 0, 0, NULL),
(787, '2019-10-19 05:48:18', '2019-10-19 05:48:18', 'доверие плохой фундамент для сотрудничества', NULL, 0, 0, NULL),
(788, '2019-10-19 05:48:18', '2019-10-19 05:48:18', 'взаимный интерес прочное основание для сотрудничества', NULL, 0, 0, NULL),
(789, '2019-10-19 05:48:18', '2019-10-19 05:48:18', 'тебе не понять в чем разница', NULL, 0, 0, NULL),
(790, '2019-10-19 05:48:18', '2019-10-19 05:48:18', 'я служу солнцу в тени', NULL, 0, 0, NULL),
(791, '2019-10-19 05:48:18', '2019-10-19 05:48:18', 'настоящая вера дарит бесконечную силу', NULL, 0, 0, NULL),
(792, '2019-10-19 05:54:04', '2019-10-19 05:54:04', 'Доброта как стратегия не чем не лучше жестокости и имеет свои недостатки. Гловное чтобы она помогла достичь цели', NULL, 0, 0, NULL),
(793, '2019-10-19 05:54:04', '2019-10-19 05:54:04', 'есть человек есть проблема, нет человека нет проблемы', NULL, 0, 0, NULL),
(794, '2019-10-19 05:54:04', '2019-10-19 05:54:04', 'проблема и человек слова синонимы', NULL, 0, 0, NULL),
(795, '2019-10-19 05:54:04', '2019-10-19 05:54:04', 'не хочу соблазнять тебя простым решением', NULL, 0, 0, NULL),
(796, '2019-10-19 05:54:04', '2019-10-19 05:54:04', 'подобные вопросы не в моей компетенции', NULL, 0, 0, NULL),
(797, '2019-10-19 05:54:04', '2019-10-19 05:54:04', 'фактически это можно устроить прямо сейчас', NULL, 0, 0, NULL),
(798, '2019-10-19 05:54:04', '2019-10-19 05:54:04', 'ты невмнимательно читал мое дело', NULL, 0, 0, NULL),
(799, '2019-10-19 05:54:04', '2019-10-19 05:54:04', 'он оказался умнее, чем я расчитывал', NULL, 0, 0, NULL),
(800, '2019-10-19 05:54:04', '2019-10-19 05:54:04', 'без информации неудача гарантирована', NULL, 0, 0, NULL),
(801, '2019-10-19 05:54:04', '2019-10-19 05:54:04', 'не совать голову в петлю', NULL, 0, 0, NULL),
(802, '2019-10-19 05:54:04', '2019-10-19 05:54:04', 'мой дом моя крепость', NULL, 0, 0, NULL),
(803, '2019-10-19 05:54:04', '2019-10-19 05:54:04', 'взгляд мужчины преданного женщиной', NULL, 0, 0, NULL),
(804, '2019-10-19 05:54:04', '2019-10-19 05:54:04', 'боль прошла, осталось равнодушие', NULL, 0, 0, NULL),
(805, '2019-10-19 05:54:04', '2019-10-19 05:54:04', 'хрупкая роза в куче навоза', NULL, 0, 0, NULL),
(806, '2019-10-19 05:54:04', '2019-10-19 05:54:04', 'охрана ничего не понимает в ссыске', NULL, 0, 0, NULL),
(807, '2019-10-19 05:54:04', '2019-10-19 05:54:04', 'узнал о себе много нового', NULL, 0, 0, NULL),
(808, '2019-10-19 05:54:04', '2019-10-19 05:54:04', 'никто не говорил что от этого будет польза', NULL, 0, 0, NULL),
(809, '2019-10-19 05:54:04', '2019-10-19 05:54:04', 'маленькие выглядят смешно, когда сердятся', NULL, 0, 0, NULL),
(810, '2019-10-19 05:54:04', '2019-10-19 05:54:04', 'из уникальной личности был разжалован до уникальной возможности', NULL, 0, 0, NULL),
(811, '2019-10-19 05:54:04', '2019-10-19 05:54:04', 'общую идею ты уловил верно', NULL, 0, 0, NULL),
(812, '2019-10-19 05:54:04', '2019-10-19 05:54:04', 'несмотря на поздний час виноторговцы и шлюхи продолжают усердно трудиться', NULL, 0, 0, NULL),
(813, '2019-10-19 05:54:04', '2019-10-19 05:54:04', 'ни кому не дано знать когда он умрет', NULL, 0, 0, NULL),
(814, '2019-10-19 05:54:04', '2019-10-19 05:54:04', 'переговоры носили скорее эмоциональный чем рациональный характер', NULL, 0, 0, NULL),
(815, '2019-10-19 05:54:04', '2019-10-19 05:54:04', 'людей ослепляет могущество, они не видят за ним личность', NULL, 0, 0, NULL),
(816, '2019-10-19 05:54:04', '2019-10-19 05:54:04', 'могущество не имеет значение', NULL, 0, 0, NULL),
(817, '2019-10-19 05:54:05', '2019-10-19 05:54:05', 'от карманного ножа умирают чаще чем от кинжала чародея', NULL, 0, 0, NULL),
(818, '2019-10-19 05:54:05', '2019-10-19 05:54:05', 'каждый человек носит в себе опасность', NULL, 0, 0, NULL),
(819, '2019-10-19 05:54:05', '2019-10-19 05:54:05', 'люди боятся того, чего не могут понять', NULL, 0, 0, NULL),
(820, '2019-10-19 05:54:05', '2019-10-19 05:54:05', 'не позволяйте обстоятельствам выводить себя из равновесия', NULL, 0, 0, NULL),
(821, '2019-10-19 05:54:05', '2019-10-19 05:54:05', 'научиться воспринимать вещи и события как данность', NULL, 0, 0, NULL),
(822, '2019-10-19 05:54:05', '2019-10-19 05:54:05', 'даже если все пойдет прахом, у меня не будеть оснований для жалоб', NULL, 0, 0, NULL),
(823, '2019-10-19 05:54:05', '2019-10-19 05:54:05', 'бессмертие не решает всех проблем', NULL, 0, 0, NULL),
(824, '2019-10-19 05:54:05', '2019-10-19 05:54:05', 'во всяком случае это неплохое начало', NULL, 0, 0, NULL),
(825, '2019-10-19 05:54:05', '2019-10-19 05:54:05', 'жена не разновидность движимого имущества', NULL, 0, 0, NULL),
(826, '2019-10-19 05:54:05', '2019-10-19 05:54:05', 'жена это любимая женщина которую понимаешь и боготворишь', NULL, 0, 0, NULL),
(827, '2019-10-19 05:54:05', '2019-10-19 05:54:05', 'со стыдом вынужден признать', NULL, 0, 0, NULL),
(828, '2019-10-19 05:54:05', '2019-10-19 05:54:05', 'кто сейчас женится по любви', NULL, 0, 0, NULL),
(829, '2019-10-19 05:54:05', '2019-10-19 05:54:05', 'в его положении заикаться о браке по договоренности просто глупо', NULL, 0, 0, NULL),
(830, '2019-10-19 05:54:05', '2019-10-19 05:54:05', 'в отличии от денег родственные связи мало что стоят', NULL, 0, 0, NULL),
(831, '2019-10-19 05:54:05', '2019-10-19 05:54:05', 'он не испытывал тяги к переменам', NULL, 0, 0, NULL),
(832, '2019-10-19 05:54:05', '2019-10-19 05:54:05', 'влюбленные часто делают глупости', NULL, 0, 0, NULL),
(833, '2019-10-19 05:54:05', '2019-10-19 05:54:05', 'мне она нужна больше, чем вам', NULL, 0, 0, NULL),
(834, '2019-10-19 05:54:05', '2019-10-19 05:54:05', 'если они идут на риск, то получают то что заслужили', NULL, 0, 0, NULL),
(835, '2019-10-19 05:54:05', '2019-10-19 05:54:05', 'это скорее азартная игра, а не воровство', NULL, 0, 0, NULL),
(836, '2019-10-19 05:54:05', '2019-10-19 05:54:05', 'право мужчины играть на все, включая и собственную жизнь', NULL, 0, 0, NULL),
(837, '2019-10-19 05:54:05', '2019-10-19 05:54:05', 'чтобы сохранить жизнь, человек имеет право на любые поступки', NULL, 0, 0, NULL),
(838, '2019-10-19 05:54:05', '2019-10-19 05:54:05', 'иди и стань богатым, а потом ты сможешь посмеяться над нами', NULL, 0, 0, NULL),
(839, '2019-10-19 05:54:05', '2019-10-19 05:54:05', 'мозги полезней храбрости', NULL, 0, 0, NULL),
(840, '2019-10-19 05:54:05', '2019-10-19 05:54:05', 'тяготы и лишения закаляют воина, готовя его к сражениям', NULL, 0, 0, NULL),
(841, '2019-10-19 05:54:05', '2019-10-19 05:54:05', 'типичный представитель категории психов', NULL, 0, 0, NULL),
(842, '2019-10-19 05:54:05', '2019-10-19 05:54:05', 'ему рассказывали на ночь слишком много сказок', NULL, 0, 0, NULL),
(843, '2019-10-19 05:54:05', '2019-10-19 05:54:05', 'дракона нет, но убивать приходилось', NULL, 0, 0, NULL),
(844, '2019-10-19 05:54:05', '2019-10-19 05:54:05', 'у меня есть мозги, которых тебе явно не достает', NULL, 0, 0, NULL),
(845, '2019-10-19 05:54:05', '2019-10-19 05:54:05', 'я надеюсь мы бросим эту затею, она нам не по зубам', NULL, 0, 0, NULL),
(846, '2019-10-19 05:54:05', '2019-10-19 05:54:05', 'иначе не всегда лучше', NULL, 0, 0, NULL),
(847, '2019-10-19 08:39:14', '2019-10-19 08:39:14', 'Мертвые мертвы, ты нет', NULL, 0, 0, NULL),
(848, '2019-10-19 08:39:14', '2019-10-19 08:39:14', 'Любой хороший правитель, должен внушать толику страха', NULL, 0, 0, NULL),
(849, '2019-10-19 08:39:14', '2019-10-19 08:39:14', 'Все тираны говорят о судьбе', NULL, 0, 0, NULL),
(850, '2019-10-19 08:39:14', '2019-10-19 08:39:14', 'Лучший руководитель тот, кто не хочет править', NULL, 0, 0, NULL),
(851, '2019-10-19 08:39:14', '2019-10-19 08:39:14', 'Мысли не предательство', NULL, 0, 0, NULL),
(852, '2019-10-19 08:39:14', '2019-10-19 08:39:14', 'В какой то момент нужно решить кому верить', NULL, 0, 0, NULL),
(853, '2019-10-19 08:39:14', '2019-10-19 08:39:14', 'Каждому предстоит выбор', NULL, 0, 0, NULL),
(854, '2019-10-19 08:39:14', '2019-10-19 08:39:14', 'Она омерзительна, и я тоже', NULL, 0, 0, NULL),
(855, '2019-10-19 08:39:14', '2019-10-19 08:39:14', 'Неизвестность всегда пугает', NULL, 0, 0, NULL),
(856, '2019-10-19 08:39:14', '2019-10-19 08:39:14', 'Неизвестность хуже пыток', NULL, 0, 0, NULL),
(857, '2019-10-19 08:39:14', '2019-10-19 08:39:14', 'Боль это часть предстоящего удовольствия', NULL, 0, 0, NULL),
(858, '2019-10-19 08:39:14', '2019-10-19 08:39:14', 'позволить всему идти своим чередом', NULL, 0, 0, NULL),
(859, '2019-10-19 08:39:14', '2019-10-19 08:39:14', 'любовь это смерть долга, долг это смерть любви', NULL, 0, 0, NULL),
(860, '2019-10-19 08:39:14', '2019-10-19 08:39:14', 'Нельзя прятаться за мелким милосердием', NULL, 0, 0, NULL),
(861, '2019-10-19 08:39:14', '2019-10-19 08:39:14', 'Непросто увидеть то, что раньше не существовало', NULL, 0, 0, NULL),
(862, '2019-10-19 08:39:14', '2019-10-19 08:39:14', 'Не им выбирать', NULL, 0, 0, NULL),
(863, '2019-10-19 08:39:14', '2019-10-19 08:39:14', 'Адреналин сначала заставлял драпать, а теперь гонит вперед', NULL, 0, 0, NULL),
(864, '2019-10-19 08:39:14', '2019-10-19 08:39:14', 'Каждый человек либо охотник, либо жертва', NULL, 0, 0, NULL);
INSERT INTO `quotes` (`id`, `created_at`, `updated_at`, `text`, `author_id`, `book_id`, `rating`, `deleted_at`) VALUES
(865, '2019-10-19 08:39:14', '2019-10-19 08:39:14', 'Лучше иметь оружие и в нем не нуждаться, чем нуждаться но не иметь', NULL, 0, 0, NULL),
(866, '2019-10-19 08:39:14', '2019-10-19 08:39:14', 'говно вопрос', NULL, 0, 0, NULL),
(867, '2019-10-19 08:39:14', '2019-10-19 08:39:14', 'Всем страшно, не надо паниковать', NULL, 0, 0, NULL),
(868, '2019-10-19 08:39:14', '2019-10-19 08:39:14', 'Если веришь в бога, верь и в дьявола', NULL, 0, 0, NULL),
(869, '2019-10-19 08:39:14', '2019-10-19 08:39:14', 'Пешка не видит всей картины', NULL, 0, 0, NULL),
(870, '2019-10-19 08:39:14', '2019-10-19 08:39:14', 'Пытаясь создать великое, убирают преграды', NULL, 0, 0, NULL),
(871, '2019-10-19 08:39:15', '2019-10-19 08:39:15', 'Люди это душа города', NULL, 0, 0, NULL),
(872, '2019-10-19 08:39:15', '2019-10-19 08:39:15', 'Люди покидают город, как душа тело', NULL, 0, 0, NULL),
(873, '2019-10-19 08:39:15', '2019-10-19 08:39:15', 'Примирить сознательное и бессознательное', NULL, 0, 0, NULL),
(874, '2019-10-19 08:39:15', '2019-10-19 08:39:15', 'Выживание, сопротивление, захват', NULL, 0, 0, NULL),
(875, '2019-10-19 08:39:15', '2019-10-19 08:39:15', 'Удачных метяжей не бывает. при удаче мятеж называется по другому', NULL, 0, 0, NULL),
(876, '2019-10-19 08:39:15', '2019-10-19 08:39:15', 'Создание зацепок для воспроизведения уверенного состояния', NULL, 0, 0, NULL),
(877, '2019-10-19 08:39:15', '2019-10-19 08:39:15', 'Определение приорететных ценностей', NULL, 0, 0, NULL),
(878, '2019-10-19 08:39:15', '2019-10-19 08:39:15', 'Есть только 2 цели Добиваться того чего хочешь. Наслаждаться достигнутым', NULL, 0, 0, NULL),
(879, '2019-10-19 08:39:15', '2019-10-19 08:39:15', 'Ошибки это цена которую человек платит за успех', NULL, 0, 0, NULL),
(880, '2019-10-19 08:39:15', '2019-10-19 08:39:15', 'Если бы мы вопороли того кто виноват в наших неудачах, то не смогли бы сидеть 2 недели', NULL, 0, 0, NULL),
(881, '2019-10-19 08:39:15', '2019-10-19 08:39:15', 'Нет ветра, берись за весла', NULL, 0, 0, NULL),
(882, '2019-10-19 08:39:15', '2019-10-19 08:39:15', 'Самый смелый признает свои ошибки', NULL, 0, 0, NULL),
(883, '2019-10-19 08:39:15', '2019-10-19 08:39:15', 'Определять степень риска важностью цели', NULL, 0, 0, NULL),
(884, '2019-10-19 08:39:15', '2019-10-19 08:39:15', 'В жизни все имеет риск', NULL, 0, 0, NULL),
(885, '2019-10-19 08:39:15', '2019-10-19 08:39:15', 'Оценка риска субъективна', NULL, 0, 0, NULL),
(886, '2019-10-19 08:39:15', '2019-10-19 08:39:15', 'Нет другого способа преодолеть неудачи чем риск', NULL, 0, 0, NULL),
(887, '2019-10-19 08:39:15', '2019-10-19 08:39:15', 'Неприятности создают лучшие возможноси', NULL, 0, 0, NULL),
(888, '2019-10-19 08:39:15', '2019-10-19 08:39:15', 'Не относись к себе слишком серьезно', NULL, 0, 0, NULL),
(889, '2019-10-19 08:39:15', '2019-10-19 08:39:15', 'Перестать фокусироваться на себе', NULL, 0, 0, NULL),
(890, '2019-10-19 08:39:15', '2019-10-19 08:39:15', 'Одна неудача учит больше чем 10 удач', NULL, 0, 0, NULL),
(891, '2019-10-19 08:39:15', '2019-10-19 08:39:15', 'Не смиряться с неудачей', NULL, 0, 0, NULL),
(892, '2019-10-19 08:39:15', '2019-10-19 08:39:15', 'Начав действовать слабеет страх', NULL, 0, 0, NULL),
(893, '2019-10-19 08:39:15', '2019-10-19 08:39:15', 'Взять ответственность за неудачи', NULL, 0, 0, NULL),
(894, '2019-10-19 08:39:15', '2019-10-19 08:39:15', 'Отношение к неприятностям', NULL, 0, 0, NULL),
(895, '2019-10-19 08:39:15', '2019-10-19 08:39:15', 'Растаться с прошлым', NULL, 0, 0, NULL),
(896, '2019-10-19 08:39:15', '2019-10-19 08:39:15', 'Изменись сам и измениться мир', NULL, 0, 0, NULL),
(897, '2019-10-19 08:39:15', '2019-10-19 08:39:15', 'Забыть о себе и начать отдавать', NULL, 0, 0, NULL),
(898, '2019-10-19 08:39:15', '2019-10-19 08:39:15', 'Находить положительный стороны в неприятносях', NULL, 0, 0, NULL),
(899, '2019-10-19 08:39:15', '2019-10-19 08:39:15', 'Извлекать уроки из отрицательного опыта', NULL, 0, 0, NULL),
(900, '2019-10-19 08:39:15', '2019-10-19 08:39:15', 'Добившись успеха пробовать совершить более значительное', NULL, 0, 0, NULL),
(901, '2019-10-19 08:39:15', '2019-10-19 08:39:15', 'Работь над своими слабостями', NULL, 0, 0, NULL),
(902, '2019-10-19 08:39:15', '2019-10-19 08:39:15', 'После неудачи встать и двигаться дальше', NULL, 0, 0, NULL),
(903, '2019-10-19 08:39:15', '2019-10-19 08:39:15', 'Неудачи позволяют изменить вектор движения', NULL, 0, 0, NULL),
(904, '2019-10-19 08:39:15', '2019-10-19 08:39:15', 'Даже в неприятностях есть свои плюсы', NULL, 0, 0, NULL),
(905, '2019-10-19 08:39:15', '2019-10-19 08:39:15', 'До последнего вздоха жизнь имеет смысл', NULL, 0, 0, NULL),
(906, '2019-10-19 08:39:15', '2019-10-19 08:39:15', 'Карлик стоящий на плечах гигантов видит дальше', NULL, 0, 0, NULL),
(907, '2019-10-19 08:39:15', '2019-10-19 08:39:15', 'Искать смысл в страдании только в самую последнюю очередь', NULL, 0, 0, NULL),
(908, '2019-10-19 08:39:15', '2019-10-19 08:39:15', 'Я знаю, что ничего не знаю, кроме того что знаю что ничего не знаю', NULL, 0, 0, NULL),
(909, '2019-10-19 08:39:15', '2019-10-19 08:39:15', 'Врач должен принимать решение за пациента', NULL, 0, 0, NULL),
(910, '2019-10-19 08:39:15', '2019-10-19 08:39:15', 'Для борьбы со страхом нужно захотеть, что бы случилось то чего боишься', NULL, 0, 0, NULL),
(911, '2019-10-19 08:39:15', '2019-10-19 08:39:15', 'Смерть не пугала, а удивилась что встретила его здесь', NULL, 0, 0, NULL),
(912, '2019-10-19 08:39:15', '2019-10-19 08:39:15', 'Религия заблуждение, образование иллюзия', NULL, 0, 0, NULL),
(913, '2019-10-19 08:39:15', '2019-10-19 08:39:15', 'Женщины и дети постоянно проверяют как далеко они могут зайти', NULL, 0, 0, NULL),
(914, '2019-10-19 08:39:15', '2019-10-19 08:39:15', 'Не думай чего хочет женщина, думай чего хочешь ты', NULL, 0, 0, NULL),
(915, '2019-10-19 08:39:15', '2019-10-19 08:39:15', 'Если женщина сказала нет уйди, и найди другую', NULL, 0, 0, NULL),
(916, '2019-10-19 08:39:15', '2019-10-19 08:39:15', 'Будь честен с женщиной и говори ей чего ты хочешь', NULL, 0, 0, NULL),
(917, '2019-10-19 08:39:15', '2019-10-19 08:39:15', 'Женщины хотят безопасности поэтому в 1 очередь ищут милионеров', NULL, 0, 0, NULL),
(918, '2019-10-19 08:39:15', '2019-10-19 08:39:15', 'Какой ты? Самый великолепный', NULL, 0, 0, NULL),
(919, '2019-10-19 08:39:16', '2019-10-19 08:39:16', 'Женщины всегда соперничают друг с другом', NULL, 0, 0, NULL),
(920, '2019-10-19 08:39:16', '2019-10-19 08:39:16', 'Каждый человек похож на алмаз, но со временем на него оседает пыль', NULL, 0, 0, NULL),
(921, '2019-10-19 08:39:16', '2019-10-19 08:39:16', 'Смысл жизни, получать от нее кайф', NULL, 0, 0, NULL),
(922, '2019-10-19 08:39:16', '2019-10-19 08:39:16', 'Только один человек может помешать тебе быть счастливым, это ты сам', NULL, 0, 0, NULL),
(923, '2019-10-19 08:39:56', '2019-10-19 08:39:56', 'Верующие всегда с особой страстью разбивают богов, которым некогда поклонялись', NULL, 0, 0, NULL),
(924, '2019-10-19 08:39:56', '2019-10-19 08:39:56', 'Число великих верований невелико', NULL, 0, 0, NULL);

-- --------------------------------------------------------

--
-- Структура таблицы `quotes_tags`
--

CREATE TABLE `quotes_tags` (
  `id` int(10) UNSIGNED NOT NULL,
  `created_at` timestamp NULL DEFAULT NULL,
  `updated_at` timestamp NULL DEFAULT NULL,
  `deleted_at` timestamp NULL DEFAULT NULL,
  `quote_id` int(10) UNSIGNED NOT NULL,
  `tag_id` int(10) UNSIGNED NOT NULL
) ENGINE=InnoDB DEFAULT CHARSET=utf8mb4 COLLATE=utf8mb4_unicode_ci;

--
-- Дамп данных таблицы `quotes_tags`
--

INSERT INTO `quotes_tags` (`id`, `created_at`, `updated_at`, `deleted_at`, `quote_id`, `tag_id`) VALUES
(1, '2019-10-11 15:30:20', '2019-10-11 15:30:20', NULL, 34, 1);

-- --------------------------------------------------------

--
-- Структура таблицы `tags`
--

CREATE TABLE `tags` (
  `id` int(10) UNSIGNED NOT NULL,
  `created_at` timestamp NULL DEFAULT NULL,
  `updated_at` timestamp NULL DEFAULT NULL,
  `deleted_at` timestamp NULL DEFAULT NULL,
  `name` varchar(255) COLLATE utf8mb4_unicode_ci NOT NULL,
  `cat_id` int(10) UNSIGNED NOT NULL
) ENGINE=InnoDB DEFAULT CHARSET=utf8mb4 COLLATE=utf8mb4_unicode_ci;

--
-- Дамп данных таблицы `tags`
--

INSERT INTO `tags` (`id`, `created_at`, `updated_at`, `deleted_at`, `name`, `cat_id`) VALUES
(1, '2019-10-10 15:02:12', '2019-10-10 15:02:12', NULL, 'юмор', 2),
(2, '2019-10-10 15:43:53', '2019-10-10 15:43:53', NULL, 'история', 3),
(3, '2019-10-19 08:41:37', '2019-10-19 08:41:37', NULL, 'дети', 0),
(4, '2019-10-19 09:03:28', '2019-10-19 09:03:28', NULL, 'дети', 0),
(5, '2019-10-19 09:03:39', '2019-10-19 09:03:39', NULL, 'дети', 0);

-- --------------------------------------------------------

--
-- Структура таблицы `users`
--

CREATE TABLE `users` (
  `id` int(10) UNSIGNED NOT NULL,
  `name` varchar(255) COLLATE utf8mb4_unicode_ci NOT NULL,
  `email` varchar(255) COLLATE utf8mb4_unicode_ci NOT NULL,
  `password` varchar(255) COLLATE utf8mb4_unicode_ci NOT NULL,
  `remember_token` varchar(100) COLLATE utf8mb4_unicode_ci DEFAULT NULL,
  `created_at` timestamp NULL DEFAULT NULL,
  `updated_at` timestamp NULL DEFAULT NULL
) ENGINE=InnoDB DEFAULT CHARSET=utf8mb4 COLLATE=utf8mb4_unicode_ci;

--
-- Индексы сохранённых таблиц
--

--
-- Индексы таблицы `authors`
--
ALTER TABLE `authors`
  ADD PRIMARY KEY (`id`);

--
-- Индексы таблицы `books`
--
ALTER TABLE `books`
  ADD PRIMARY KEY (`id`);

--
-- Индексы таблицы `categories`
--
ALTER TABLE `categories`
  ADD PRIMARY KEY (`id`);

--
-- Индексы таблицы `migrations`
--
ALTER TABLE `migrations`
  ADD PRIMARY KEY (`id`);

--
-- Индексы таблицы `password_resets`
--
ALTER TABLE `password_resets`
  ADD KEY `password_resets_email_index` (`email`(191));

--
-- Индексы таблицы `quotes`
--
ALTER TABLE `quotes`
  ADD PRIMARY KEY (`id`);

--
-- Индексы таблицы `quotes_tags`
--
ALTER TABLE `quotes_tags`
  ADD PRIMARY KEY (`id`);

--
-- Индексы таблицы `tags`
--
ALTER TABLE `tags`
  ADD PRIMARY KEY (`id`);

--
-- Индексы таблицы `users`
--
ALTER TABLE `users`
  ADD PRIMARY KEY (`id`);

--
-- AUTO_INCREMENT для сохранённых таблиц
--

--
-- AUTO_INCREMENT для таблицы `authors`
--
ALTER TABLE `authors`
  MODIFY `id` int(10) UNSIGNED NOT NULL AUTO_INCREMENT, AUTO_INCREMENT=93;
--
-- AUTO_INCREMENT для таблицы `books`
--
ALTER TABLE `books`
  MODIFY `id` int(10) UNSIGNED NOT NULL AUTO_INCREMENT, AUTO_INCREMENT=128;
--
-- AUTO_INCREMENT для таблицы `categories`
--
ALTER TABLE `categories`
  MODIFY `id` int(10) UNSIGNED NOT NULL AUTO_INCREMENT, AUTO_INCREMENT=4;
--
-- AUTO_INCREMENT для таблицы `migrations`
--
ALTER TABLE `migrations`
  MODIFY `id` int(10) UNSIGNED NOT NULL AUTO_INCREMENT, AUTO_INCREMENT=22;
--
-- AUTO_INCREMENT для таблицы `quotes`
--
ALTER TABLE `quotes`
  MODIFY `id` int(10) UNSIGNED NOT NULL AUTO_INCREMENT, AUTO_INCREMENT=925;
--
-- AUTO_INCREMENT для таблицы `quotes_tags`
--
ALTER TABLE `quotes_tags`
  MODIFY `id` int(10) UNSIGNED NOT NULL AUTO_INCREMENT, AUTO_INCREMENT=2;
--
-- AUTO_INCREMENT для таблицы `tags`
--
ALTER TABLE `tags`
  MODIFY `id` int(10) UNSIGNED NOT NULL AUTO_INCREMENT, AUTO_INCREMENT=6;
--
-- AUTO_INCREMENT для таблицы `users`
--
ALTER TABLE `users`
  MODIFY `id` int(10) UNSIGNED NOT NULL AUTO_INCREMENT;
/*!40101 SET CHARACTER_SET_CLIENT=@OLD_CHARACTER_SET_CLIENT */;
/*!40101 SET CHARACTER_SET_RESULTS=@OLD_CHARACTER_SET_RESULTS */;
/*!40101 SET COLLATION_CONNECTION=@OLD_COLLATION_CONNECTION */;
